/*
 Navicat Premium Data Transfer

 Source Server         : localhost
 Source Server Type    : MySQL
 Source Server Version : 50731
 Source Host           : localhost:3306
 Source Schema         : ry-vue

 Target Server Type    : MySQL
 Target Server Version : 50731
 File Encoding         : 65001

 Date: 23/09/2020 18:29:38
*/

SET NAMES utf8mb4;
SET FOREIGN_KEY_CHECKS = 0;

-- ----------------------------
-- Table structure for QRTZ_BLOB_TRIGGERS
-- ----------------------------
DROP TABLE IF EXISTS `QRTZ_BLOB_TRIGGERS`;
CREATE TABLE `QRTZ_BLOB_TRIGGERS` (
  `sched_name` varchar(120) NOT NULL,
  `trigger_name` varchar(200) NOT NULL,
  `trigger_group` varchar(200) NOT NULL,
  `blob_data` blob,
  PRIMARY KEY (`sched_name`,`trigger_name`,`trigger_group`),
  CONSTRAINT `qrtz_blob_triggers_ibfk_1` FOREIGN KEY (`sched_name`, `trigger_name`, `trigger_group`) REFERENCES `QRTZ_TRIGGERS` (`sched_name`, `trigger_name`, `trigger_group`)
) ENGINE=InnoDB DEFAULT CHARSET=utf8mb4;

-- ----------------------------
-- Table structure for QRTZ_CALENDARS
-- ----------------------------
DROP TABLE IF EXISTS `QRTZ_CALENDARS`;
CREATE TABLE `QRTZ_CALENDARS` (
  `sched_name` varchar(120) NOT NULL,
  `calendar_name` varchar(200) NOT NULL,
  `calendar` blob NOT NULL,
  PRIMARY KEY (`sched_name`,`calendar_name`)
) ENGINE=InnoDB DEFAULT CHARSET=utf8mb4;

-- ----------------------------
-- Table structure for QRTZ_CRON_TRIGGERS
-- ----------------------------
DROP TABLE IF EXISTS `QRTZ_CRON_TRIGGERS`;
CREATE TABLE `QRTZ_CRON_TRIGGERS` (
  `sched_name` varchar(120) NOT NULL,
  `trigger_name` varchar(200) NOT NULL,
  `trigger_group` varchar(200) NOT NULL,
  `cron_expression` varchar(200) NOT NULL,
  `time_zone_id` varchar(80) DEFAULT NULL,
  PRIMARY KEY (`sched_name`,`trigger_name`,`trigger_group`),
  CONSTRAINT `qrtz_cron_triggers_ibfk_1` FOREIGN KEY (`sched_name`, `trigger_name`, `trigger_group`) REFERENCES `QRTZ_TRIGGERS` (`sched_name`, `trigger_name`, `trigger_group`)
) ENGINE=InnoDB DEFAULT CHARSET=utf8mb4;

-- ----------------------------
-- Records of QRTZ_CRON_TRIGGERS
-- ----------------------------
BEGIN;
INSERT INTO `QRTZ_CRON_TRIGGERS` VALUES ('RuoyiScheduler', 'TASK_CLASS_NAME1', 'DEFAULT', '0/10 * * * * ?', 'Asia/Shanghai');
INSERT INTO `QRTZ_CRON_TRIGGERS` VALUES ('RuoyiScheduler', 'TASK_CLASS_NAME100', 'DEFAULT', '0/10 * * * * ?', 'Asia/Shanghai');
INSERT INTO `QRTZ_CRON_TRIGGERS` VALUES ('RuoyiScheduler', 'TASK_CLASS_NAME101', 'DEFAULT', '0/10 * * * * ?', 'Asia/Shanghai');
INSERT INTO `QRTZ_CRON_TRIGGERS` VALUES ('RuoyiScheduler', 'TASK_CLASS_NAME102', 'DEFAULT', '0/10 * * * * ?', 'Asia/Shanghai');
INSERT INTO `QRTZ_CRON_TRIGGERS` VALUES ('RuoyiScheduler', 'TASK_CLASS_NAME103', 'DEFAULT', '0/10 * * * * ?', 'Asia/Shanghai');
INSERT INTO `QRTZ_CRON_TRIGGERS` VALUES ('RuoyiScheduler', 'TASK_CLASS_NAME2', 'DEFAULT', '0/15 * * * * ?', 'Asia/Shanghai');
INSERT INTO `QRTZ_CRON_TRIGGERS` VALUES ('RuoyiScheduler', 'TASK_CLASS_NAME3', 'DEFAULT', '0/20 * * * * ?', 'Asia/Shanghai');
COMMIT;

-- ----------------------------
-- Table structure for QRTZ_FIRED_TRIGGERS
-- ----------------------------
DROP TABLE IF EXISTS `QRTZ_FIRED_TRIGGERS`;
CREATE TABLE `QRTZ_FIRED_TRIGGERS` (
  `sched_name` varchar(120) NOT NULL,
  `entry_id` varchar(95) NOT NULL,
  `trigger_name` varchar(200) NOT NULL,
  `trigger_group` varchar(200) NOT NULL,
  `instance_name` varchar(200) NOT NULL,
  `fired_time` bigint(13) NOT NULL,
  `sched_time` bigint(13) NOT NULL,
  `priority` int(11) NOT NULL,
  `state` varchar(16) NOT NULL,
  `job_name` varchar(200) DEFAULT NULL,
  `job_group` varchar(200) DEFAULT NULL,
  `is_nonconcurrent` varchar(1) DEFAULT NULL,
  `requests_recovery` varchar(1) DEFAULT NULL,
  PRIMARY KEY (`sched_name`,`entry_id`)
) ENGINE=InnoDB DEFAULT CHARSET=utf8mb4;

-- ----------------------------
-- Table structure for QRTZ_JOB_DETAILS
-- ----------------------------
DROP TABLE IF EXISTS `QRTZ_JOB_DETAILS`;
CREATE TABLE `QRTZ_JOB_DETAILS` (
  `sched_name` varchar(120) NOT NULL,
  `job_name` varchar(200) NOT NULL,
  `job_group` varchar(200) NOT NULL,
  `description` varchar(250) DEFAULT NULL,
  `job_class_name` varchar(250) NOT NULL,
  `is_durable` varchar(1) NOT NULL,
  `is_nonconcurrent` varchar(1) NOT NULL,
  `is_update_data` varchar(1) NOT NULL,
  `requests_recovery` varchar(1) NOT NULL,
  `job_data` blob,
  PRIMARY KEY (`sched_name`,`job_name`,`job_group`)
) ENGINE=InnoDB DEFAULT CHARSET=utf8mb4;

-- ----------------------------
-- Records of QRTZ_JOB_DETAILS
-- ----------------------------
BEGIN;
INSERT INTO `QRTZ_JOB_DETAILS` VALUES ('RuoyiScheduler', 'TASK_CLASS_NAME1', 'DEFAULT', NULL, 'com.ruoyi.quartz.util.QuartzDisallowConcurrentExecution', '0', '1', '0', '0', 0xACED0005737200156F72672E71756172747A2E4A6F62446174614D61709FB083E8BFA9B0CB020000787200266F72672E71756172747A2E7574696C732E537472696E674B65794469727479466C61674D61708208E8C3FBC55D280200015A0013616C6C6F77735472616E7369656E74446174617872001D6F72672E71756172747A2E7574696C732E4469727479466C61674D617013E62EAD28760ACE0200025A000564697274794C00036D617074000F4C6A6176612F7574696C2F4D61703B787001737200116A6176612E7574696C2E486173684D61700507DAC1C31660D103000246000A6C6F6164466163746F724900097468726573686F6C6478703F4000000000000C7708000000100000000174000F5441534B5F50524F504552544945537372001E636F6D2E72756F79692E71756172747A2E646F6D61696E2E5379734A6F6200000000000000010200084C000A636F6E63757272656E747400124C6A6176612F6C616E672F537472696E673B4C000E63726F6E45787072657373696F6E71007E00094C000C696E766F6B6554617267657471007E00094C00086A6F6247726F757071007E00094C00056A6F6249647400104C6A6176612F6C616E672F4C6F6E673B4C00076A6F624E616D6571007E00094C000D6D697366697265506F6C69637971007E00094C000673746174757371007E000978720027636F6D2E72756F79692E636F6D6D6F6E2E636F72652E646F6D61696E2E42617365456E7469747900000000000000010200094C0009626567696E54696D6571007E00094C0008637265617465427971007E00094C000A63726561746554696D657400104C6A6176612F7574696C2F446174653B4C0007656E6454696D6571007E00094C0006706172616D7371007E00034C000672656D61726B71007E00094C000B73656172636856616C756571007E00094C0008757064617465427971007E00094C000A75706461746554696D6571007E000C78707074000561646D696E7372000E6A6176612E7574696C2E44617465686A81014B59741903000078707708000001622CDE29E07870707400007070707400013174000E302F3130202A202A202A202A203F74001172795461736B2E72794E6F506172616D7374000744454641554C547372000E6A6176612E6C616E672E4C6F6E673B8BE490CC8F23DF0200014A000576616C7565787200106A6176612E6C616E672E4E756D62657286AC951D0B94E08B02000078700000000000000001740018E7B3BBE7BB9FE9BB98E8AEA4EFBC88E697A0E58F82EFBC8974000133740001317800);
INSERT INTO `QRTZ_JOB_DETAILS` VALUES ('RuoyiScheduler', 'TASK_CLASS_NAME100', 'DEFAULT', NULL, 'com.ruoyi.quartz.util.QuartzDisallowConcurrentExecution', '0', '1', '0', '0', 0xACED0005737200156F72672E71756172747A2E4A6F62446174614D61709FB083E8BFA9B0CB020000787200266F72672E71756172747A2E7574696C732E537472696E674B65794469727479466C61674D61708208E8C3FBC55D280200015A0013616C6C6F77735472616E7369656E74446174617872001D6F72672E71756172747A2E7574696C732E4469727479466C61674D617013E62EAD28760ACE0200025A000564697274794C00036D617074000F4C6A6176612F7574696C2F4D61703B787001737200116A6176612E7574696C2E486173684D61700507DAC1C31660D103000246000A6C6F6164466163746F724900097468726573686F6C6478703F4000000000000C7708000000100000000174000F5441534B5F50524F504552544945537372001E636F6D2E72756F79692E71756172747A2E646F6D61696E2E5379734A6F6200000000000000010200084C000A636F6E63757272656E747400124C6A6176612F6C616E672F537472696E673B4C000E63726F6E45787072657373696F6E71007E00094C000C696E766F6B6554617267657471007E00094C00086A6F6247726F757071007E00094C00056A6F6249647400104C6A6176612F6C616E672F4C6F6E673B4C00076A6F624E616D6571007E00094C000D6D697366697265506F6C69637971007E00094C000673746174757371007E000978720027636F6D2E72756F79692E636F6D6D6F6E2E636F72652E646F6D61696E2E42617365456E7469747900000000000000010200094C0009626567696E54696D6571007E00094C0008637265617465427971007E00094C000A63726561746554696D657400104C6A6176612F7574696C2F446174653B4C0007656E6454696D6571007E00094C0006706172616D7371007E00034C000672656D61726B71007E00094C000B73656172636856616C756571007E00094C0008757064617465427971007E00094C000A75706461746554696D6571007E000C78707074000561646D696E7372000E6A6176612E7574696C2E44617465686A81014B5974190300007870770800000174B8EE2D387870707400007070707400013174000E302F3130202A202A202A202A203F7400234872436974795461736B2E676574416374697669747943697479496E666F282732272974000744454641554C547372000E6A6176612E6C616E672E4C6F6E673B8BE490CC8F23DF0200014A000576616C7565787200106A6176612E6C616E672E4E756D62657286AC951D0B94E08B02000078700000000000000064740012E88EB7E58F96E59F8EE5B882E58897E8A1A874000131740001317800);
INSERT INTO `QRTZ_JOB_DETAILS` VALUES ('RuoyiScheduler', 'TASK_CLASS_NAME101', 'DEFAULT', NULL, 'com.ruoyi.quartz.util.QuartzDisallowConcurrentExecution', '0', '1', '0', '0', 0xACED0005737200156F72672E71756172747A2E4A6F62446174614D61709FB083E8BFA9B0CB020000787200266F72672E71756172747A2E7574696C732E537472696E674B65794469727479466C61674D61708208E8C3FBC55D280200015A0013616C6C6F77735472616E7369656E74446174617872001D6F72672E71756172747A2E7574696C732E4469727479466C61674D617013E62EAD28760ACE0200025A000564697274794C00036D617074000F4C6A6176612F7574696C2F4D61703B787001737200116A6176612E7574696C2E486173684D61700507DAC1C31660D103000246000A6C6F6164466163746F724900097468726573686F6C6478703F4000000000000C7708000000100000000174000F5441534B5F50524F504552544945537372001E636F6D2E72756F79692E71756172747A2E646F6D61696E2E5379734A6F6200000000000000010200084C000A636F6E63757272656E747400124C6A6176612F6C616E672F537472696E673B4C000E63726F6E45787072657373696F6E71007E00094C000C696E766F6B6554617267657471007E00094C00086A6F6247726F757071007E00094C00056A6F6249647400104C6A6176612F6C616E672F4C6F6E673B4C00076A6F624E616D6571007E00094C000D6D697366697265506F6C69637971007E00094C000673746174757371007E000978720027636F6D2E72756F79692E636F6D6D6F6E2E636F72652E646F6D61696E2E42617365456E7469747900000000000000010200094C0009626567696E54696D6571007E00094C0008637265617465427971007E00094C000A63726561746554696D657400104C6A6176612F7574696C2F446174653B4C0007656E6454696D6571007E00094C0006706172616D7371007E00034C000672656D61726B71007E00094C000B73656172636856616C756571007E00094C0008757064617465427971007E00094C000A75706461746554696D6571007E000C78707074000561646D696E7372000E6A6176612E7574696C2E44617465686A81014B5974190300007870770800000174B997C3487870707400007070707400013174000E302F3130202A202A202A202A203F74001F4872436974795461736B2E676574416C6C53686F7073496E666F282732272974000744454641554C547372000E6A6176612E6C616E672E4C6F6E673B8BE490CC8F23DF0200014A000576616C7565787200106A6176612E6C616E672E4E756D62657286AC951D0B94E08B02000078700000000000000065740012E88EB7E58F96E997A8E5BA97E58897E8A1A874000131740001317800);
INSERT INTO `QRTZ_JOB_DETAILS` VALUES ('RuoyiScheduler', 'TASK_CLASS_NAME102', 'DEFAULT', NULL, 'com.ruoyi.quartz.util.QuartzDisallowConcurrentExecution', '0', '1', '0', '0', 0xACED0005737200156F72672E71756172747A2E4A6F62446174614D61709FB083E8BFA9B0CB020000787200266F72672E71756172747A2E7574696C732E537472696E674B65794469727479466C61674D61708208E8C3FBC55D280200015A0013616C6C6F77735472616E7369656E74446174617872001D6F72672E71756172747A2E7574696C732E4469727479466C61674D617013E62EAD28760ACE0200025A000564697274794C00036D617074000F4C6A6176612F7574696C2F4D61703B787001737200116A6176612E7574696C2E486173684D61700507DAC1C31660D103000246000A6C6F6164466163746F724900097468726573686F6C6478703F4000000000000C7708000000100000000174000F5441534B5F50524F504552544945537372001E636F6D2E72756F79692E71756172747A2E646F6D61696E2E5379734A6F6200000000000000010200084C000A636F6E63757272656E747400124C6A6176612F6C616E672F537472696E673B4C000E63726F6E45787072657373696F6E71007E00094C000C696E766F6B6554617267657471007E00094C00086A6F6247726F757071007E00094C00056A6F6249647400104C6A6176612F6C616E672F4C6F6E673B4C00076A6F624E616D6571007E00094C000D6D697366697265506F6C69637971007E00094C000673746174757371007E000978720027636F6D2E72756F79692E636F6D6D6F6E2E636F72652E646F6D61696E2E42617365456E7469747900000000000000010200094C0009626567696E54696D6571007E00094C0008637265617465427971007E00094C000A63726561746554696D657400104C6A6176612F7574696C2F446174653B4C0007656E6454696D6571007E00094C0006706172616D7371007E00034C000672656D61726B71007E00094C000B73656172636856616C756571007E00094C0008757064617465427971007E00094C000A75706461746554696D6571007E000C78707074000561646D696E7372000E6A6176612E7574696C2E44617465686A81014B5974190300007870770800000174BA6C74807870707400007070707400013174000E302F3130202A202A202A202A203F7400374872557365725461736B2E696E7365727455736572496E666F28273135323732333730343738272C27666C6A6A313032323932272C302974000744454641554C547372000E6A6176612E6C616E672E4C6F6E673B8BE490CC8F23DF0200014A000576616C7565787200106A6176612E6C616E672E4E756D62657286AC951D0B94E08B0200007870000000000000006674000CE6B7BBE58AA0E794A8E688B774000131740001317800);
INSERT INTO `QRTZ_JOB_DETAILS` VALUES ('RuoyiScheduler', 'TASK_CLASS_NAME103', 'DEFAULT', NULL, 'com.ruoyi.quartz.util.QuartzDisallowConcurrentExecution', '0', '1', '0', '0', 0xACED0005737200156F72672E71756172747A2E4A6F62446174614D61709FB083E8BFA9B0CB020000787200266F72672E71756172747A2E7574696C732E537472696E674B65794469727479466C61674D61708208E8C3FBC55D280200015A0013616C6C6F77735472616E7369656E74446174617872001D6F72672E71756172747A2E7574696C732E4469727479466C61674D617013E62EAD28760ACE0200025A000564697274794C00036D617074000F4C6A6176612F7574696C2F4D61703B787001737200116A6176612E7574696C2E486173684D61700507DAC1C31660D103000246000A6C6F6164466163746F724900097468726573686F6C6478703F4000000000000C7708000000100000000174000F5441534B5F50524F504552544945537372001E636F6D2E72756F79692E71756172747A2E646F6D61696E2E5379734A6F6200000000000000010200084C000A636F6E63757272656E747400124C6A6176612F6C616E672F537472696E673B4C000E63726F6E45787072657373696F6E71007E00094C000C696E766F6B6554617267657471007E00094C00086A6F6247726F757071007E00094C00056A6F6249647400104C6A6176612F6C616E672F4C6F6E673B4C00076A6F624E616D6571007E00094C000D6D697366697265506F6C69637971007E00094C000673746174757371007E000978720027636F6D2E72756F79692E636F6D6D6F6E2E636F72652E646F6D61696E2E42617365456E7469747900000000000000010200094C0009626567696E54696D6571007E00094C0008637265617465427971007E00094C000A63726561746554696D657400104C6A6176612F7574696C2F446174653B4C0007656E6454696D6571007E00094C0006706172616D7371007E00034C000672656D61726B71007E00094C000B73656172636856616C756571007E00094C0008757064617465427971007E00094C000A75706461746554696D6571007E000C78707074000561646D696E7372000E6A6176612E7574696C2E44617465686A81014B5974190300007870770800000174BA6E0AC07870707400007070707400013174000E302F3130202A202A202A202A203F7400284872557365725461736B2E75706461746555736572496E666F28273135323732333730343738272974000744454641554C547372000E6A6176612E6C616E672E4C6F6E673B8BE490CC8F23DF0200014A000576616C7565787200106A6176612E6C616E672E4E756D62657286AC951D0B94E08B02000078700000000000000067740012E69BB4E696B0E794A8E688B7E4BFA1E681AF74000131740001317800);
INSERT INTO `QRTZ_JOB_DETAILS` VALUES ('RuoyiScheduler', 'TASK_CLASS_NAME2', 'DEFAULT', NULL, 'com.ruoyi.quartz.util.QuartzDisallowConcurrentExecution', '0', '1', '0', '0', 0xACED0005737200156F72672E71756172747A2E4A6F62446174614D61709FB083E8BFA9B0CB020000787200266F72672E71756172747A2E7574696C732E537472696E674B65794469727479466C61674D61708208E8C3FBC55D280200015A0013616C6C6F77735472616E7369656E74446174617872001D6F72672E71756172747A2E7574696C732E4469727479466C61674D617013E62EAD28760ACE0200025A000564697274794C00036D617074000F4C6A6176612F7574696C2F4D61703B787001737200116A6176612E7574696C2E486173684D61700507DAC1C31660D103000246000A6C6F6164466163746F724900097468726573686F6C6478703F4000000000000C7708000000100000000174000F5441534B5F50524F504552544945537372001E636F6D2E72756F79692E71756172747A2E646F6D61696E2E5379734A6F6200000000000000010200084C000A636F6E63757272656E747400124C6A6176612F6C616E672F537472696E673B4C000E63726F6E45787072657373696F6E71007E00094C000C696E766F6B6554617267657471007E00094C00086A6F6247726F757071007E00094C00056A6F6249647400104C6A6176612F6C616E672F4C6F6E673B4C00076A6F624E616D6571007E00094C000D6D697366697265506F6C69637971007E00094C000673746174757371007E000978720027636F6D2E72756F79692E636F6D6D6F6E2E636F72652E646F6D61696E2E42617365456E7469747900000000000000010200094C0009626567696E54696D6571007E00094C0008637265617465427971007E00094C000A63726561746554696D657400104C6A6176612F7574696C2F446174653B4C0007656E6454696D6571007E00094C0006706172616D7371007E00034C000672656D61726B71007E00094C000B73656172636856616C756571007E00094C0008757064617465427971007E00094C000A75706461746554696D6571007E000C78707074000561646D696E7372000E6A6176612E7574696C2E44617465686A81014B59741903000078707708000001622CDE29E07870707400007070707400013174000E302F3135202A202A202A202A203F74001572795461736B2E7279506172616D7328277279272974000744454641554C547372000E6A6176612E6C616E672E4C6F6E673B8BE490CC8F23DF0200014A000576616C7565787200106A6176612E6C616E672E4E756D62657286AC951D0B94E08B02000078700000000000000002740018E7B3BBE7BB9FE9BB98E8AEA4EFBC88E69C89E58F82EFBC8974000133740001317800);
INSERT INTO `QRTZ_JOB_DETAILS` VALUES ('RuoyiScheduler', 'TASK_CLASS_NAME3', 'DEFAULT', NULL, 'com.ruoyi.quartz.util.QuartzDisallowConcurrentExecution', '0', '1', '0', '0', 0xACED0005737200156F72672E71756172747A2E4A6F62446174614D61709FB083E8BFA9B0CB020000787200266F72672E71756172747A2E7574696C732E537472696E674B65794469727479466C61674D61708208E8C3FBC55D280200015A0013616C6C6F77735472616E7369656E74446174617872001D6F72672E71756172747A2E7574696C732E4469727479466C61674D617013E62EAD28760ACE0200025A000564697274794C00036D617074000F4C6A6176612F7574696C2F4D61703B787001737200116A6176612E7574696C2E486173684D61700507DAC1C31660D103000246000A6C6F6164466163746F724900097468726573686F6C6478703F4000000000000C7708000000100000000174000F5441534B5F50524F504552544945537372001E636F6D2E72756F79692E71756172747A2E646F6D61696E2E5379734A6F6200000000000000010200084C000A636F6E63757272656E747400124C6A6176612F6C616E672F537472696E673B4C000E63726F6E45787072657373696F6E71007E00094C000C696E766F6B6554617267657471007E00094C00086A6F6247726F757071007E00094C00056A6F6249647400104C6A6176612F6C616E672F4C6F6E673B4C00076A6F624E616D6571007E00094C000D6D697366697265506F6C69637971007E00094C000673746174757371007E000978720027636F6D2E72756F79692E636F6D6D6F6E2E636F72652E646F6D61696E2E42617365456E7469747900000000000000010200094C0009626567696E54696D6571007E00094C0008637265617465427971007E00094C000A63726561746554696D657400104C6A6176612F7574696C2F446174653B4C0007656E6454696D6571007E00094C0006706172616D7371007E00034C000672656D61726B71007E00094C000B73656172636856616C756571007E00094C0008757064617465427971007E00094C000A75706461746554696D6571007E000C78707074000561646D696E7372000E6A6176612E7574696C2E44617465686A81014B59741903000078707708000001622CDE29E07870707400007070707400013174000E302F3230202A202A202A202A203F74003872795461736B2E72794D756C7469706C65506172616D7328277279272C20747275652C20323030304C2C203331362E3530442C203130302974000744454641554C547372000E6A6176612E6C616E672E4C6F6E673B8BE490CC8F23DF0200014A000576616C7565787200106A6176612E6C616E672E4E756D62657286AC951D0B94E08B02000078700000000000000003740018E7B3BBE7BB9FE9BB98E8AEA4EFBC88E5A49AE58F82EFBC8974000133740001317800);
COMMIT;

-- ----------------------------
-- Table structure for QRTZ_LOCKS
-- ----------------------------
DROP TABLE IF EXISTS `QRTZ_LOCKS`;
CREATE TABLE `QRTZ_LOCKS` (
  `sched_name` varchar(120) NOT NULL,
  `lock_name` varchar(40) NOT NULL,
  PRIMARY KEY (`sched_name`,`lock_name`)
) ENGINE=InnoDB DEFAULT CHARSET=utf8mb4;

-- ----------------------------
-- Records of QRTZ_LOCKS
-- ----------------------------
BEGIN;
INSERT INTO `QRTZ_LOCKS` VALUES ('RuoyiScheduler', 'STATE_ACCESS');
INSERT INTO `QRTZ_LOCKS` VALUES ('RuoyiScheduler', 'TRIGGER_ACCESS');
COMMIT;

-- ----------------------------
-- Table structure for QRTZ_PAUSED_TRIGGER_GRPS
-- ----------------------------
DROP TABLE IF EXISTS `QRTZ_PAUSED_TRIGGER_GRPS`;
CREATE TABLE `QRTZ_PAUSED_TRIGGER_GRPS` (
  `sched_name` varchar(120) NOT NULL,
  `trigger_group` varchar(200) NOT NULL,
  PRIMARY KEY (`sched_name`,`trigger_group`)
) ENGINE=InnoDB DEFAULT CHARSET=utf8mb4;

-- ----------------------------
-- Table structure for QRTZ_SCHEDULER_STATE
-- ----------------------------
DROP TABLE IF EXISTS `QRTZ_SCHEDULER_STATE`;
CREATE TABLE `QRTZ_SCHEDULER_STATE` (
  `sched_name` varchar(120) NOT NULL,
  `instance_name` varchar(200) NOT NULL,
  `last_checkin_time` bigint(13) NOT NULL,
  `checkin_interval` bigint(13) NOT NULL,
  PRIMARY KEY (`sched_name`,`instance_name`)
) ENGINE=InnoDB DEFAULT CHARSET=utf8mb4;

-- ----------------------------
-- Records of QRTZ_SCHEDULER_STATE
-- ----------------------------
BEGIN;
INSERT INTO `QRTZ_SCHEDULER_STATE` VALUES ('RuoyiScheduler', 'jinjunjiedeiMac.local1600856233761', 1600856965830, 15000);
COMMIT;

-- ----------------------------
-- Table structure for QRTZ_SIMPLE_TRIGGERS
-- ----------------------------
DROP TABLE IF EXISTS `QRTZ_SIMPLE_TRIGGERS`;
CREATE TABLE `QRTZ_SIMPLE_TRIGGERS` (
  `sched_name` varchar(120) NOT NULL,
  `trigger_name` varchar(200) NOT NULL,
  `trigger_group` varchar(200) NOT NULL,
  `repeat_count` bigint(7) NOT NULL,
  `repeat_interval` bigint(12) NOT NULL,
  `times_triggered` bigint(10) NOT NULL,
  PRIMARY KEY (`sched_name`,`trigger_name`,`trigger_group`),
  CONSTRAINT `qrtz_simple_triggers_ibfk_1` FOREIGN KEY (`sched_name`, `trigger_name`, `trigger_group`) REFERENCES `QRTZ_TRIGGERS` (`sched_name`, `trigger_name`, `trigger_group`)
) ENGINE=InnoDB DEFAULT CHARSET=utf8mb4;

-- ----------------------------
-- Table structure for QRTZ_SIMPROP_TRIGGERS
-- ----------------------------
DROP TABLE IF EXISTS `QRTZ_SIMPROP_TRIGGERS`;
CREATE TABLE `QRTZ_SIMPROP_TRIGGERS` (
  `sched_name` varchar(120) NOT NULL,
  `trigger_name` varchar(200) NOT NULL,
  `trigger_group` varchar(200) NOT NULL,
  `str_prop_1` varchar(512) DEFAULT NULL,
  `str_prop_2` varchar(512) DEFAULT NULL,
  `str_prop_3` varchar(512) DEFAULT NULL,
  `int_prop_1` int(11) DEFAULT NULL,
  `int_prop_2` int(11) DEFAULT NULL,
  `long_prop_1` bigint(20) DEFAULT NULL,
  `long_prop_2` bigint(20) DEFAULT NULL,
  `dec_prop_1` decimal(13,4) DEFAULT NULL,
  `dec_prop_2` decimal(13,4) DEFAULT NULL,
  `bool_prop_1` varchar(1) DEFAULT NULL,
  `bool_prop_2` varchar(1) DEFAULT NULL,
  PRIMARY KEY (`sched_name`,`trigger_name`,`trigger_group`),
  CONSTRAINT `qrtz_simprop_triggers_ibfk_1` FOREIGN KEY (`sched_name`, `trigger_name`, `trigger_group`) REFERENCES `QRTZ_TRIGGERS` (`sched_name`, `trigger_name`, `trigger_group`)
) ENGINE=InnoDB DEFAULT CHARSET=utf8mb4;

-- ----------------------------
-- Table structure for QRTZ_TRIGGERS
-- ----------------------------
DROP TABLE IF EXISTS `QRTZ_TRIGGERS`;
CREATE TABLE `QRTZ_TRIGGERS` (
  `sched_name` varchar(120) NOT NULL,
  `trigger_name` varchar(200) NOT NULL,
  `trigger_group` varchar(200) NOT NULL,
  `job_name` varchar(200) NOT NULL,
  `job_group` varchar(200) NOT NULL,
  `description` varchar(250) DEFAULT NULL,
  `next_fire_time` bigint(13) DEFAULT NULL,
  `prev_fire_time` bigint(13) DEFAULT NULL,
  `priority` int(11) DEFAULT NULL,
  `trigger_state` varchar(16) NOT NULL,
  `trigger_type` varchar(8) NOT NULL,
  `start_time` bigint(13) NOT NULL,
  `end_time` bigint(13) DEFAULT NULL,
  `calendar_name` varchar(200) DEFAULT NULL,
  `misfire_instr` smallint(2) DEFAULT NULL,
  `job_data` blob,
  PRIMARY KEY (`sched_name`,`trigger_name`,`trigger_group`),
  KEY `sched_name` (`sched_name`,`job_name`,`job_group`),
  CONSTRAINT `qrtz_triggers_ibfk_1` FOREIGN KEY (`sched_name`, `job_name`, `job_group`) REFERENCES `QRTZ_JOB_DETAILS` (`sched_name`, `job_name`, `job_group`)
) ENGINE=InnoDB DEFAULT CHARSET=utf8mb4;

-- ----------------------------
-- Records of QRTZ_TRIGGERS
-- ----------------------------
BEGIN;
INSERT INTO `QRTZ_TRIGGERS` VALUES ('RuoyiScheduler', 'TASK_CLASS_NAME1', 'DEFAULT', 'TASK_CLASS_NAME1', 'DEFAULT', NULL, 1600856240000, -1, 5, 'PAUSED', 'CRON', 1600856233000, 0, NULL, 2, '');
INSERT INTO `QRTZ_TRIGGERS` VALUES ('RuoyiScheduler', 'TASK_CLASS_NAME100', 'DEFAULT', 'TASK_CLASS_NAME100', 'DEFAULT', NULL, 1600856240000, -1, 5, 'PAUSED', 'CRON', 1600856233000, 0, NULL, -1, '');
INSERT INTO `QRTZ_TRIGGERS` VALUES ('RuoyiScheduler', 'TASK_CLASS_NAME101', 'DEFAULT', 'TASK_CLASS_NAME101', 'DEFAULT', NULL, 1600856240000, -1, 5, 'PAUSED', 'CRON', 1600856233000, 0, NULL, -1, '');
INSERT INTO `QRTZ_TRIGGERS` VALUES ('RuoyiScheduler', 'TASK_CLASS_NAME102', 'DEFAULT', 'TASK_CLASS_NAME102', 'DEFAULT', NULL, 1600856240000, -1, 5, 'PAUSED', 'CRON', 1600856233000, 0, NULL, -1, '');
INSERT INTO `QRTZ_TRIGGERS` VALUES ('RuoyiScheduler', 'TASK_CLASS_NAME103', 'DEFAULT', 'TASK_CLASS_NAME103', 'DEFAULT', NULL, 1600856240000, -1, 5, 'PAUSED', 'CRON', 1600856233000, 0, NULL, -1, '');
INSERT INTO `QRTZ_TRIGGERS` VALUES ('RuoyiScheduler', 'TASK_CLASS_NAME2', 'DEFAULT', 'TASK_CLASS_NAME2', 'DEFAULT', NULL, 1600856235000, -1, 5, 'PAUSED', 'CRON', 1600856233000, 0, NULL, 2, '');
INSERT INTO `QRTZ_TRIGGERS` VALUES ('RuoyiScheduler', 'TASK_CLASS_NAME3', 'DEFAULT', 'TASK_CLASS_NAME3', 'DEFAULT', NULL, 1600856240000, -1, 5, 'PAUSED', 'CRON', 1600856233000, 0, NULL, 2, '');
COMMIT;

-- ----------------------------
-- Table structure for gen_table
-- ----------------------------
DROP TABLE IF EXISTS `gen_table`;
CREATE TABLE `gen_table` (
  `table_id` bigint(20) NOT NULL AUTO_INCREMENT COMMENT '编号',
  `table_name` varchar(200) DEFAULT '' COMMENT '表名称',
  `table_comment` varchar(500) DEFAULT '' COMMENT '表描述',
  `class_name` varchar(100) DEFAULT '' COMMENT '实体类名称',
  `tpl_category` varchar(200) DEFAULT 'crud' COMMENT '使用的模板（crud单表操作 tree树表操作）',
  `package_name` varchar(100) DEFAULT NULL COMMENT '生成包路径',
  `module_name` varchar(30) DEFAULT NULL COMMENT '生成模块名',
  `business_name` varchar(30) DEFAULT NULL COMMENT '生成业务名',
  `function_name` varchar(50) DEFAULT NULL COMMENT '生成功能名',
  `function_author` varchar(50) DEFAULT NULL COMMENT '生成功能作者',
  `gen_type` char(1) DEFAULT '0' COMMENT '生成代码方式（0zip压缩包 1自定义路径）',
  `gen_path` varchar(200) DEFAULT '/' COMMENT '生成路径（不填默认项目路径）',
  `options` varchar(1000) DEFAULT NULL COMMENT '其它生成选项',
  `create_by` varchar(64) DEFAULT '' COMMENT '创建者',
  `create_time` datetime DEFAULT NULL COMMENT '创建时间',
  `update_by` varchar(64) DEFAULT '' COMMENT '更新者',
  `update_time` datetime DEFAULT NULL COMMENT '更新时间',
  `remark` varchar(500) DEFAULT NULL COMMENT '备注',
  PRIMARY KEY (`table_id`)
) ENGINE=InnoDB AUTO_INCREMENT=6 DEFAULT CHARSET=utf8mb4 COMMENT='代码生成业务表';

-- ----------------------------
-- Records of gen_table
-- ----------------------------
BEGIN;
INSERT INTO `gen_table` VALUES (4, 'hr_shop', '门店列表', 'HrShop', 'crud', 'com.ruoyi.system', 'system', 'shop', '门店列', 'ruoyi', '0', '/', NULL, 'admin', '2020-09-23 15:12:45', '', NULL, NULL);
INSERT INTO `gen_table` VALUES (5, 'hr_user', '用户信息表', 'HrUser', 'crud', 'com.ruoyi.system', 'system', 'user', '用户信息', 'ruoyi', '0', '/', NULL, 'admin', '2020-09-23 16:42:43', '', NULL, NULL);
COMMIT;

-- ----------------------------
-- Table structure for gen_table_column
-- ----------------------------
DROP TABLE IF EXISTS `gen_table_column`;
CREATE TABLE `gen_table_column` (
  `column_id` bigint(20) NOT NULL AUTO_INCREMENT COMMENT '编号',
  `table_id` varchar(64) DEFAULT NULL COMMENT '归属表编号',
  `column_name` varchar(200) DEFAULT NULL COMMENT '列名称',
  `column_comment` varchar(500) DEFAULT NULL COMMENT '列描述',
  `column_type` varchar(100) DEFAULT NULL COMMENT '列类型',
  `java_type` varchar(500) DEFAULT NULL COMMENT 'JAVA类型',
  `java_field` varchar(200) DEFAULT NULL COMMENT 'JAVA字段名',
  `is_pk` char(1) DEFAULT NULL COMMENT '是否主键（1是）',
  `is_increment` char(1) DEFAULT NULL COMMENT '是否自增（1是）',
  `is_required` char(1) DEFAULT NULL COMMENT '是否必填（1是）',
  `is_insert` char(1) DEFAULT NULL COMMENT '是否为插入字段（1是）',
  `is_edit` char(1) DEFAULT NULL COMMENT '是否编辑字段（1是）',
  `is_list` char(1) DEFAULT NULL COMMENT '是否列表字段（1是）',
  `is_query` char(1) DEFAULT NULL COMMENT '是否查询字段（1是）',
  `query_type` varchar(200) DEFAULT 'EQ' COMMENT '查询方式（等于、不等于、大于、小于、范围）',
  `html_type` varchar(200) DEFAULT NULL COMMENT '显示类型（文本框、文本域、下拉框、复选框、单选框、日期控件）',
  `dict_type` varchar(200) DEFAULT '' COMMENT '字典类型',
  `sort` int(11) DEFAULT NULL COMMENT '排序',
  `create_by` varchar(64) DEFAULT '' COMMENT '创建者',
  `create_time` datetime DEFAULT NULL COMMENT '创建时间',
  `update_by` varchar(64) DEFAULT '' COMMENT '更新者',
  `update_time` datetime DEFAULT NULL COMMENT '更新时间',
  PRIMARY KEY (`column_id`)
) ENGINE=InnoDB AUTO_INCREMENT=71 DEFAULT CHARSET=utf8mb4 COMMENT='代码生成业务表字段';

-- ----------------------------
-- Records of gen_table_column
-- ----------------------------
BEGIN;
INSERT INTO `gen_table_column` VALUES (28, '4', 'city_id', '城市id', 'int(5)', 'Integer', 'cityId', '0', '0', '1', '1', '1', '1', '1', 'EQ', 'input', '', 1, 'admin', '2020-09-23 15:12:45', '', NULL);
INSERT INTO `gen_table_column` VALUES (29, '4', 'city_name', '城市名称', 'varchar(255)', 'String', 'cityName', '0', '0', '1', '1', '1', '1', '1', 'LIKE', 'input', '', 2, 'admin', '2020-09-23 15:12:45', '', NULL);
INSERT INTO `gen_table_column` VALUES (30, '4', 'code', '门店id', 'varchar(255)', 'String', 'code', '1', '0', NULL, '1', NULL, NULL, NULL, 'EQ', 'input', '', 3, 'admin', '2020-09-23 15:12:45', '', NULL);
INSERT INTO `gen_table_column` VALUES (31, '4', 'distance', '距离', 'int(11)', 'Long', 'distance', '0', '0', '1', '1', '1', '1', '1', 'EQ', 'input', '', 4, 'admin', '2020-09-23 15:12:45', '', NULL);
INSERT INTO `gen_table_column` VALUES (32, '4', 'end_time', NULL, 'varchar(255)', 'String', 'endTime', '0', '0', '1', '1', '1', '1', '1', 'EQ', 'input', '', 5, 'admin', '2020-09-23 15:12:45', '', NULL);
INSERT INTO `gen_table_column` VALUES (33, '4', 'latitude', NULL, 'double(255,0)', 'Long', 'latitude', '0', '0', '1', '1', '1', '1', '1', 'EQ', 'input', '', 6, 'admin', '2020-09-23 15:12:45', '', NULL);
INSERT INTO `gen_table_column` VALUES (34, '4', 'longitude', NULL, 'double(255,0)', 'Long', 'longitude', '0', '0', '1', '1', '1', '1', '1', 'EQ', 'input', '', 7, 'admin', '2020-09-23 15:12:45', '', NULL);
INSERT INTO `gen_table_column` VALUES (35, '4', 'ps_id', NULL, 'int(11)', 'Long', 'psId', '0', '0', '1', '1', '1', '1', '1', 'EQ', 'input', '', 8, 'admin', '2020-09-23 15:12:45', '', NULL);
INSERT INTO `gen_table_column` VALUES (36, '4', 'sale_count', '销售数量', 'int(255)', 'Long', 'saleCount', '0', '0', '1', '1', '1', '1', '1', 'EQ', 'input', '', 9, 'admin', '2020-09-23 15:12:45', '', NULL);
INSERT INTO `gen_table_column` VALUES (37, '4', 'start_time', '开始时间', 'varchar(255)', 'String', 'startTime', '0', '0', '1', '1', '1', '1', '1', 'EQ', 'input', '', 10, 'admin', '2020-09-23 15:12:45', '', NULL);
INSERT INTO `gen_table_column` VALUES (38, '4', 'store_name', '门店名称', 'varchar(255)', 'String', 'storeName', '0', '0', '1', '1', '1', '1', '1', 'LIKE', 'input', '', 11, 'admin', '2020-09-23 15:12:45', '', NULL);
INSERT INTO `gen_table_column` VALUES (39, '4', 'stores_address', '门店地址', 'varchar(255)', 'String', 'storesAddress', '0', '0', '1', '1', '1', '1', '1', 'EQ', 'input', '', 12, 'admin', '2020-09-23 15:12:45', '', NULL);
INSERT INTO `gen_table_column` VALUES (40, '4', 'state', '是否扫描', 'int(1)', 'Integer', 'state', '0', '0', '1', '1', '1', '1', '1', 'EQ', 'input', '', 13, 'admin', '2020-09-23 15:12:45', '', NULL);
INSERT INTO `gen_table_column` VALUES (41, '5', 'id', '用户id', 'int(8)', 'Integer', 'id', '0', '0', NULL, '1', NULL, NULL, NULL, 'EQ', 'input', '', 1, 'admin', '2020-09-23 16:42:43', '', NULL);
INSERT INTO `gen_table_column` VALUES (42, '5', 'mobile', '用户手机号', 'varchar(255)', 'String', 'mobile', '1', '0', NULL, '1', NULL, NULL, NULL, 'EQ', 'input', '', 2, 'admin', '2020-09-23 16:42:43', '', NULL);
INSERT INTO `gen_table_column` VALUES (43, '5', 'password', '用户密码', 'varchar(255)', 'String', 'password', '0', '0', '1', '1', '1', '1', '1', 'EQ', 'input', '', 3, 'admin', '2020-09-23 16:42:43', '', NULL);
INSERT INTO `gen_table_column` VALUES (44, '5', 'user_session', '用户token', 'varchar(255)', 'String', 'userSession', '0', '0', NULL, '1', '1', '1', '1', 'EQ', 'input', '', 4, 'admin', '2020-09-23 16:42:43', '', NULL);
INSERT INTO `gen_table_column` VALUES (45, '5', 'birthday', '用户生日', 'varchar(255)', 'String', 'birthday', '0', '0', NULL, '1', '1', '1', '1', 'EQ', 'input', '', 5, 'admin', '2020-09-23 16:42:43', '', NULL);
INSERT INTO `gen_table_column` VALUES (46, '5', 'id_card', '会员卡', 'varchar(255)', 'String', 'idCard', '0', '0', NULL, '1', '1', '1', '1', 'EQ', 'input', '', 6, 'admin', '2020-09-23 16:42:43', '', NULL);
INSERT INTO `gen_table_column` VALUES (47, '5', 'region_name', '地区名称', 'varchar(255)', 'String', 'regionName', '0', '0', NULL, '1', '1', '1', '1', 'LIKE', 'input', '', 7, 'admin', '2020-09-23 16:42:43', '', NULL);
INSERT INTO `gen_table_column` VALUES (48, '5', 'pic', NULL, 'int(255)', 'Long', 'pic', '0', '0', NULL, '1', '1', '1', '1', 'EQ', 'input', '', 8, 'admin', '2020-09-23 16:42:43', '', NULL);
INSERT INTO `gen_table_column` VALUES (49, '5', 'card_no', '会员卡号', 'int(11)', 'Long', 'cardNo', '0', '0', NULL, '1', '1', '1', '1', 'EQ', 'input', '', 9, 'admin', '2020-09-23 16:42:43', '', NULL);
INSERT INTO `gen_table_column` VALUES (50, '5', 'un_send_order_count', NULL, 'varchar(255)', 'String', 'unSendOrderCount', '0', '0', NULL, '1', '1', '1', '1', 'EQ', 'input', '', 10, 'admin', '2020-09-23 16:42:43', '', NULL);
INSERT INTO `gen_table_column` VALUES (51, '5', 'login_name', '登录名', 'varchar(255)', 'String', 'loginName', '0', '0', NULL, '1', '1', '1', '1', 'LIKE', 'input', '', 11, 'admin', '2020-09-23 16:42:43', '', NULL);
INSERT INTO `gen_table_column` VALUES (52, '5', 'un_receive_order_count', NULL, 'varchar(255)', 'String', 'unReceiveOrderCount', '0', '0', NULL, '1', '1', '1', '1', 'EQ', 'input', '', 12, 'admin', '2020-09-23 16:42:43', '', NULL);
INSERT INTO `gen_table_column` VALUES (53, '5', 'nickname', '昵称', 'varchar(255)', 'String', 'nickname', '0', '0', NULL, '1', '1', '1', '1', 'LIKE', 'input', '', 13, 'admin', '2020-09-23 16:42:43', '', NULL);
INSERT INTO `gen_table_column` VALUES (54, '5', 'un_pay_order_count', NULL, 'int(255)', 'Long', 'unPayOrderCount', '0', '0', NULL, '1', '1', '1', '1', 'EQ', 'input', '', 14, 'admin', '2020-09-23 16:42:43', '', NULL);
INSERT INTO `gen_table_column` VALUES (55, '5', 'shop_id', '商店id', 'varchar(0)', 'String', 'shopId', '0', '0', NULL, '1', '1', '1', '1', 'EQ', 'input', '', 15, 'admin', '2020-09-23 16:42:43', '', NULL);
INSERT INTO `gen_table_column` VALUES (56, '5', 'member_id', NULL, 'int(8)', 'Integer', 'memberId', '0', '0', NULL, '1', '1', '1', '1', 'EQ', 'input', '', 16, 'admin', '2020-09-23 16:42:43', '', NULL);
INSERT INTO `gen_table_column` VALUES (57, '5', 'inquire', NULL, 'int(1)', 'Integer', 'inquire', '0', '0', NULL, '1', '1', '1', '1', 'EQ', 'input', '', 17, 'admin', '2020-09-23 16:42:43', '', NULL);
INSERT INTO `gen_table_column` VALUES (58, '5', 'address', NULL, 'varchar(255)', 'String', 'address', '0', '0', NULL, '1', '1', '1', '1', 'EQ', 'input', '', 18, 'admin', '2020-09-23 16:42:43', '', NULL);
INSERT INTO `gen_table_column` VALUES (59, '5', 'uname', NULL, 'varchar(255)', 'String', 'uname', '0', '0', NULL, '1', '1', '1', '1', 'LIKE', 'input', '', 19, 'admin', '2020-09-23 16:42:43', '', NULL);
INSERT INTO `gen_table_column` VALUES (60, '5', 'sex', NULL, 'int(1)', 'Integer', 'sex', '0', '0', NULL, '1', '1', '1', '1', 'EQ', 'select', '', 20, 'admin', '2020-09-23 16:42:43', '', NULL);
INSERT INTO `gen_table_column` VALUES (61, '5', 'collect_count', NULL, 'int(255)', 'Long', 'collectCount', '0', '0', NULL, '1', '1', '1', '1', 'EQ', 'input', '', 21, 'admin', '2020-09-23 16:42:43', '', NULL);
INSERT INTO `gen_table_column` VALUES (62, '5', 'unread_message_count', NULL, 'int(255)', 'Long', 'unreadMessageCount', '0', '0', NULL, '1', '1', '1', '1', 'EQ', 'input', '', 22, 'admin', '2020-09-23 16:42:43', '', NULL);
INSERT INTO `gen_table_column` VALUES (63, '5', 'un_evaluate_order_count', NULL, 'int(255)', 'Long', 'unEvaluateOrderCount', '0', '0', NULL, '1', '1', '1', '1', 'EQ', 'input', '', 23, 'admin', '2020-09-23 16:42:43', '', NULL);
INSERT INTO `gen_table_column` VALUES (64, '5', 'zipcode', NULL, 'varchar(255)', 'String', 'zipcode', '0', '0', NULL, '1', '1', '1', '1', 'EQ', 'input', '', 24, 'admin', '2020-09-23 16:42:43', '', NULL);
INSERT INTO `gen_table_column` VALUES (65, '5', 'real_name', NULL, 'varchar(255)', 'String', 'realName', '0', '0', NULL, '1', '1', '1', '1', 'LIKE', 'input', '', 25, 'admin', '2020-09-23 16:42:43', '', NULL);
INSERT INTO `gen_table_column` VALUES (66, '5', 'region_id', NULL, 'varchar(0)', 'String', 'regionId', '0', '0', NULL, '1', '1', '1', '1', 'EQ', 'input', '', 26, 'admin', '2020-09-23 16:42:43', '', NULL);
INSERT INTO `gen_table_column` VALUES (67, '5', 'clerk_code', NULL, 'varchar(255)', 'String', 'clerkCode', '0', '0', NULL, '1', '1', '1', '1', 'EQ', 'input', '', 27, 'admin', '2020-09-23 16:42:43', '', NULL);
INSERT INTO `gen_table_column` VALUES (68, '5', 'account_balance', NULL, 'int(255)', 'Long', 'accountBalance', '0', '0', NULL, '1', '1', '1', '1', 'EQ', 'input', '', 28, 'admin', '2020-09-23 16:42:43', '', NULL);
INSERT INTO `gen_table_column` VALUES (69, '5', 'ncms_member_id', NULL, 'varchar(0)', 'String', 'ncmsMemberId', '0', '0', NULL, '1', '1', '1', '1', 'EQ', 'input', '', 29, 'admin', '2020-09-23 16:42:43', '', NULL);
INSERT INTO `gen_table_column` VALUES (70, '5', 'is_order', '是否下单用户', 'int(1)', 'Integer', 'isOrder', '0', '0', '1', '1', '1', '1', '1', 'EQ', 'input', '', 30, 'admin', '2020-09-23 16:42:43', '', NULL);
COMMIT;

-- ----------------------------
-- Table structure for hr_city
-- ----------------------------
DROP TABLE IF EXISTS `hr_city`;
CREATE TABLE `hr_city` (
  `city_id` int(4) NOT NULL COMMENT '城市id',
  `city_name` varchar(255) NOT NULL COMMENT '城市名称',
  PRIMARY KEY (`city_id`)
) ENGINE=InnoDB DEFAULT CHARSET=utf8mb4 COMMENT='城市列表';

-- ----------------------------
-- Records of hr_city
-- ----------------------------
BEGIN;
INSERT INTO `hr_city` VALUES (630, '上海市');
INSERT INTO `hr_city` VALUES (650, '天津市');
INSERT INTO `hr_city` VALUES (669, '重庆市');
INSERT INTO `hr_city` VALUES (726, '宁波市');
INSERT INTO `hr_city` VALUES (757, '杭州市');
INSERT INTO `hr_city` VALUES (813, '珠海市');
INSERT INTO `hr_city` VALUES (817, '惠州市');
INSERT INTO `hr_city` VALUES (823, '清远市');
INSERT INTO `hr_city` VALUES (843, '江门市');
INSERT INTO `hr_city` VALUES (869, '广州市');
INSERT INTO `hr_city` VALUES (882, '深圳市');
INSERT INTO `hr_city` VALUES (925, '东莞市');
INSERT INTO `hr_city` VALUES (946, '阳江市');
INSERT INTO `hr_city` VALUES (982, '无锡市');
INSERT INTO `hr_city` VALUES (1008, '镇江市');
INSERT INTO `hr_city` VALUES (1016, '南京市');
INSERT INTO `hr_city` VALUES (1062, '常州市');
INSERT INTO `hr_city` VALUES (1081, '苏州市');
INSERT INTO `hr_city` VALUES (1281, '厦门市');
INSERT INTO `hr_city` VALUES (1388, '合肥市');
INSERT INTO `hr_city` VALUES (1451, '铜陵市');
INSERT INTO `hr_city` VALUES (1461, '滁州市');
INSERT INTO `hr_city` VALUES (1470, '马鞍山市');
INSERT INTO `hr_city` VALUES (1514, '成都市');
INSERT INTO `hr_city` VALUES (2441, '沈阳市');
INSERT INTO `hr_city` VALUES (2465, '大连市');
INSERT INTO `hr_city` VALUES (2504, '长沙市');
INSERT INTO `hr_city` VALUES (2630, '株洲市');
INSERT INTO `hr_city` VALUES (2775, '郑州市');
INSERT INTO `hr_city` VALUES (2918, '南昌市');
INSERT INTO `hr_city` VALUES (3068, '榆林市');
INSERT INTO `hr_city` VALUES (3093, '汉中市');
INSERT INTO `hr_city` VALUES (3116, '延安市');
INSERT INTO `hr_city` VALUES (3143, '西安市');
INSERT INTO `hr_city` VALUES (3363, '银川市');
INSERT INTO `hr_city` VALUES (3376, '兰州市');
INSERT INTO `hr_city` VALUES (3718, '乌鲁木齐市');
INSERT INTO `hr_city` VALUES (3784, '喀什地市');
INSERT INTO `hr_city` VALUES (3823, '百色市');
INSERT INTO `hr_city` VALUES (3895, '南宁');
COMMIT;

-- ----------------------------
-- Table structure for hr_shop
-- ----------------------------
DROP TABLE IF EXISTS `hr_shop`;
CREATE TABLE `hr_shop` (
  `city_id` int(5) NOT NULL COMMENT '城市id',
  `city_name` varchar(255) NOT NULL COMMENT '城市名称',
  `code` varchar(255) NOT NULL COMMENT '门店id',
  `distance` int(11) NOT NULL COMMENT '距离',
  `end_time` varchar(255) NOT NULL,
  `latitude` double(255,0) NOT NULL,
  `longitude` double(255,0) NOT NULL,
  `ps_id` int(11) NOT NULL,
  `sale_count` int(255) NOT NULL COMMENT '销售数量',
  `start_time` varchar(255) NOT NULL COMMENT '开始时间',
  `store_name` varchar(255) NOT NULL COMMENT '门店名称',
  `stores_address` varchar(255) NOT NULL COMMENT '门店地址',
  `state` int(1) NOT NULL DEFAULT '0' COMMENT '是否扫描',
  PRIMARY KEY (`code`) USING BTREE
) ENGINE=InnoDB DEFAULT CHARSET=utf8mb4 COMMENT='门店列表';

-- ----------------------------
-- Records of hr_shop
-- ----------------------------
BEGIN;
INSERT INTO `hr_shop` VALUES (925, '东莞市', '204120', 0, '1872259199000', 23, 114, 810, 0, '1587916800000', '华润万家-塘厦迎宾店', '广东省东莞市塘厦镇迎宾大道一号万科生活广场2-3层', 0);
INSERT INTO `hr_shop` VALUES (1281, '厦门市', '204162', 0, '1872259199000', 25, 118, 1810, 0, '1587916800000', '厦门五缘湾店', '福建省厦门市湖里区金湖路101号乐都汇购物中心负一层', 0);
INSERT INTO `hr_shop` VALUES (869, '广州市', '204170', 0, '1872259199000', 23, 113, 808, 0, '1587916800000', '广州圣地店', '广东省广州市白云区广州大道北1419号负一层至负三层', 0);
INSERT INTO `hr_shop` VALUES (882, '深圳市', '204234', 0, '1872259199000', 23, 114, 819, 0, '1587916800000', '宝安灵芝公园店', '深圳市宝安区新安街道创业二路与公园路交口西北角中洲华府商业大厦', 0);
INSERT INTO `hr_shop` VALUES (882, '深圳市', '204236', 0, '1872259199000', 23, 114, 793, 0, '1587916800000', '龙岗下水径店', '深圳市龙岗区布吉吉华路海心汇福园1-4楼', 0);
INSERT INTO `hr_shop` VALUES (2504, '长沙市', '204241', 0, '1872259199000', 28, 113, 826, 0, '1587916800000', '长沙星沙店', '湖南省长沙市长沙县星沙大道188号华润凤凰城负一楼', 0);
INSERT INTO `hr_shop` VALUES (630, '上海市', '204313', 0, '1872259199000', 31, 121, 830, 0, '1587916800000', '光新店', '上海市中山北路1855号', 0);
INSERT INTO `hr_shop` VALUES (630, '上海市', '204314', 0, '1872259199000', 31, 121, 831, 0, '1587916800000', '七宝店', '上海市闵行区七莘路3155号', 0);
INSERT INTO `hr_shop` VALUES (630, '上海市', '204317', 0, '1872259199000', 31, 121, 1815, 0, '1587916800000', '真北店', '上海市普陀区铜川路1688号', 0);
INSERT INTO `hr_shop` VALUES (630, '上海市', '204321', 0, '1872259199000', 31, 122, 1814, 0, '1587916800000', '锦绣店', '上海市浦东新区锦绣路3218号2楼4号', 0);
INSERT INTO `hr_shop` VALUES (2441, '沈阳市', '204392', 0, '1872259199000', 42, 123, 737, 0, '1587916800000', '沈阳皇姑店', '辽宁省沈阳市皇姑区黄河南大街78号（华润万家）', 0);
INSERT INTO `hr_shop` VALUES (2441, '沈阳市', '204402', 0, '1872259199000', 42, 123, 1816, 0, '1587916800000', '沈阳明华店', '辽宁省沈阳市于洪区黄河北大街78号（华润万家）', 0);
INSERT INTO `hr_shop` VALUES (3068, '榆林市', '205083', 0, '1872259199000', 38, 110, 1802, 0, '1587916800000', '榆林明珠大道店', '陕西省榆林市榆阳区航宇路街道华润万家阳光城(明珠大道)', 0);
INSERT INTO `hr_shop` VALUES (3116, '延安市', '205084', 0, '1872259199000', 37, 109, 732, 0, '1587916800000', '延安中心街店', '陕西省延安市宝塔区中心街凤凰广场B座华润万家', 0);
INSERT INTO `hr_shop` VALUES (2441, '沈阳市', '205098', 0, '1872259199000', 42, 124, 739, 0, '1587916800000', '沈阳建筑大学店', '辽宁省沈阳市浑南区浑南东路18号（华润万家）', 0);
INSERT INTO `hr_shop` VALUES (2465, '大连市', '205113', 0, '1872259199000', 39, 122, 738, 0, '1587916800000', '大连高新店', '辽宁省大连市甘井子区黄浦路500号负一层 （华润万家）', 0);
INSERT INTO `hr_shop` VALUES (3143, '西安市', '205442', 0, '1872259199000', 34, 109, 726, 0, '1587916800000', '西安朝阳国际店', '陕西省西安市新城区长乐西路166号朝阳广场B1层', 0);
INSERT INTO `hr_shop` VALUES (3143, '西安市', '205443', 0, '1872259199000', 34, 109, 724, 0, '1587916800000', '西安三桥新街店', '陕西省西安市未央区三桥新街1076号西安西咸万象城B1', 0);
INSERT INTO `hr_shop` VALUES (3143, '西安市', '205529', 0, '1872259199000', 34, 109, 712, 0, '1587916800000', '西安雁塔南路店', '陕西省西安市雁塔区雁塔南路885号金辉环球广场B1层', 0);
INSERT INTO `hr_shop` VALUES (882, '深圳市', '205625', 0, '1872259199000', 23, 114, 820, 0, '1587916800000', '布吉百鸽笼店', '广东省深圳市龙岗区布吉街道翔鸽路2号深圳华润万象汇负一层B127号铺', 0);
INSERT INTO `hr_shop` VALUES (757, '杭州市', '205855', 0, '1872259199000', 30, 120, 744, 0, '1587916800000', 'MART庆春店', '浙江省杭州市江干区新塘路29-31号', 0);
INSERT INTO `hr_shop` VALUES (3784, '喀什地市', '205916', 0, '1872259199000', 39, 76, 2246, 0, '1587916800000', '喀什深喀大道店', '新疆省喀什地市喀什市深喀大道八号深圳城4幢一层', 0);
INSERT INTO `hr_shop` VALUES (813, '珠海市', '205921', 0, '1872259199000', 22, 114, 1809, 0, '1587916800000', '夏湾分店', '珠海市香洲区拱北港昌路258号中安世纪广场201号商铺', 0);
INSERT INTO `hr_shop` VALUES (2918, '南昌市', '205990', 0, '1872259199000', 29, 116, 1808, 0, '1587916800000', '南昌青山湖店', '江西省南昌市东湖区青山北路20号', 0);
INSERT INTO `hr_shop` VALUES (650, '天津市', '206035', 0, '1872259199000', 39, 117, 1801, 0, '1587916800000', '津南大道店', '天津市津南区咸水沽镇新城吾悦广场7号楼B1层Z01铺位', 0);
INSERT INTO `hr_shop` VALUES (1081, '苏州市', '206076', 0, '1872259199000', 31, 121, 1807, 0, '1587916800000', 'MART新湖店', '苏州市吴江区江陵西路1688号1幢地下一层', 0);
INSERT INTO `hr_shop` VALUES (3363, '银川市', '410D', 0, '1872259199000', 38, 106, 733, 0, '1587916800000', '银川市正源北街店', '宁夏省银川市金凤区正源街和上海西路交叉金凤万达', 0);
INSERT INTO `hr_shop` VALUES (3718, '乌鲁木齐市', '610E', 0, '1872259199000', 44, 88, 2247, 0, '1587916800000', '乌鲁木齐喀什西路店', '新疆省乌鲁木齐市经济开发区喀什西路499号', 0);
INSERT INTO `hr_shop` VALUES (1016, '南京市', '8S0185', 0, '1872259199000', 32, 119, 762, 0, '1587916800000', '华润苏果殷巷店', '江苏省南京市江宁区诚信大道988号', 0);
INSERT INTO `hr_shop` VALUES (1016, '南京市', '8S0304', 0, '1872259199000', 32, 119, 768, 0, '1587916800000', '华润苏果阅江广场店', '江苏省南京市鼓楼区热河路50号', 0);
INSERT INTO `hr_shop` VALUES (1016, '南京市', '8S0311', 0, '1872259199000', 32, 119, 758, 0, '1587916800000', '华润苏果金箔路店', '江苏省南京市江宁区金箔路999号', 0);
INSERT INTO `hr_shop` VALUES (1016, '南京市', '8S0312', 0, '1872259199000', 32, 119, 760, 0, '1587916800000', '华润苏果将军大道店', '江苏省南京市江宁区将军大道9号', 0);
INSERT INTO `hr_shop` VALUES (1016, '南京市', '8S0313', 0, '1872259199000', 32, 119, 759, 0, '1587916800000', '华润苏果浦珠北路店', '江苏省南京市浦口区浦珠北路126号丽都嘉园负一层', 0);
INSERT INTO `hr_shop` VALUES (1016, '南京市', '8S0316', 0, '1872259199000', 32, 119, 753, 0, '1587916800000', '华润苏果亚东新城店', '江苏省南京市栖霞区学衡路5号', 0);
INSERT INTO `hr_shop` VALUES (1016, '南京市', '8S0317', 0, '1872259199000', 32, 119, 757, 0, '1587916800000', '华润苏果中山北路店', '江苏省南京市鼓楼区中山北路281号', 0);
INSERT INTO `hr_shop` VALUES (1016, '南京市', '8S0318', 0, '1872259199000', 32, 119, 755, 0, '1587916800000', '华润苏果清凉门店', '江苏省南京市鼓楼区清凉门大街150号', 0);
INSERT INTO `hr_shop` VALUES (1016, '南京市', '8S0321', 0, '1872259199000', 32, 119, 761, 0, '1587916800000', '华润苏果华侨城店', '江苏省南京市浦口区大桥北路1号华侨广场', 0);
INSERT INTO `hr_shop` VALUES (1016, '南京市', '8S0322', 0, '1872259199000', 32, 119, 754, 0, '1587916800000', '华润苏果紫晶广场店', '江苏省南京市六合区紫霞街1号', 0);
INSERT INTO `hr_shop` VALUES (1016, '南京市', '8S0324', 0, '1872259199000', 32, 119, 767, 0, '1587916800000', '华润苏果庐山路店', '江苏省南京市建邺区新安江街86号苏果超市', 0);
INSERT INTO `hr_shop` VALUES (1016, '南京市', '8S0326', 0, '1872259199000', 32, 119, 769, 0, '1587916800000', '华润苏果晓庄店', '江苏省南京市栖霞区和燕路408号晓庄国际广场', 0);
INSERT INTO `hr_shop` VALUES (1016, '南京市', '8S0336', 0, '1872259199000', 32, 119, 763, 0, '1587916800000', '华润苏果马群店', '江苏省南京市栖霞区马群新街699号', 0);
INSERT INTO `hr_shop` VALUES (1016, '南京市', '8S0935', 0, '1872259199000', 32, 119, 766, 0, '1587916800000', '华润苏果新湖大道店', '江苏省南京市雨花台区板桥新城新湖大道9号', 0);
INSERT INTO `hr_shop` VALUES (1008, '镇江市', '8S1371', 0, '1872259199000', 32, 119, 776, 0, '1587916800000', '华润苏果黄山西路店', '江苏省镇江市润州区黄山西路19号万达广场负一楼', 0);
INSERT INTO `hr_shop` VALUES (1016, '南京市', '8S1461', 0, '1872259199000', 32, 119, 756, 0, '1587916800000', '华润苏果钻石星城店', '南京市六合区葛关路355号开宁钻石星城', 0);
INSERT INTO `hr_shop` VALUES (1016, '南京市', '8S1503', 0, '1872259199000', 32, 119, 764, 0, '1587916800000', '华润苏果万辰国际店', '江苏省南京市溧水区永阳镇宝塔路9号', 0);
INSERT INTO `hr_shop` VALUES (1016, '南京市', '8S1510', 0, '1872259199000', 32, 119, 765, 0, '1587916800000', '华润苏果金浦广场店', '江苏省南京市浦口区文德路7号金浦广场', 0);
INSERT INTO `hr_shop` VALUES (1470, '马鞍山市', '8S1606', 0, '1872259199000', 32, 118, 777, 0, '1587916800000', '华润苏果雨山西路店', '安徽省马鞍山市雨山区雨山西路499号', 0);
INSERT INTO `hr_shop` VALUES (1388, '合肥市', '8S1655', 0, '1872259199000', 32, 117, 771, 0, '1587916800000', '华润苏果徽州大道购店', '安徽省合肥市包河区徽州大道与太湖路交口恒生阳光城旁', 0);
INSERT INTO `hr_shop` VALUES (1451, '铜陵市', '8S1741', 0, '1872259199000', 31, 118, 778, 0, '1587916800000', '华润苏果淮河大道店', '安徽省铜陵市铜官区淮河大道北段616号', 0);
INSERT INTO `hr_shop` VALUES (1388, '合肥市', '8S2382', 0, '1872259199000', 32, 117, 770, 0, '1587916800000', '万家（合肥铜陵北店）', '安徽省合肥市瑶海区扶梳路与铜陵北路交叉口家天下生活广场负一楼', 0);
INSERT INTO `hr_shop` VALUES (982, '无锡市', '8S2852', 0, '1872259199000', 32, 120, 775, 0, '1587916800000', '万家（无锡政和店）', '江苏省无锡市惠山区经济开发区锡澄南路98号锦绣商业广场1-9号', 0);
INSERT INTO `hr_shop` VALUES (982, '无锡市', '8S2856', 0, '1872259199000', 32, 120, 774, 0, '1587916800000', '万家（无锡新光店）', '无锡市新吴区新光路555号新之城广场华润万家超市', 0);
INSERT INTO `hr_shop` VALUES (1062, '常州市', '8S2857', 0, '1872259199000', 32, 120, 772, 0, '1587916800000', '万家（常州武进店）', '江苏省常州市武进区湖塘镇定安中路435号', 0);
INSERT INTO `hr_shop` VALUES (1062, '常州市', '8S2860', 0, '1872259199000', 32, 120, 773, 0, '1587916800000', '万家（常州巢湖店）', '江苏省常州市新北区通江中路108号丰臣国际广场-1F', 0);
INSERT INTO `hr_shop` VALUES (1461, '滁州市', '8S2919', 0, '1872259199000', 32, 118, 1813, 0, '1587916800000', '华润苏果中都大道店', '安徽省滁州市琅琊区中都大道1555号凯迪置业广场华润苏果', 0);
INSERT INTO `hr_shop` VALUES (882, '深圳市', 'A00C', 0, '1872259199000', 23, 114, 795, 0, '1587916800000', '翠竹店', '广东省深圳市罗湖区田贝一路华丽园14、15号1-4层', 0);
INSERT INTO `hr_shop` VALUES (882, '深圳市', 'A00D', 0, '1872259199000', 23, 114, 779, 0, '1587916800000', '彩田店', '广东省深圳市福田区福中路福景大厦1-3层', 0);
INSERT INTO `hr_shop` VALUES (882, '深圳市', 'A00F', 0, '1872259199000', 23, 114, 787, 0, '1587916800000', '春风店', '广东省深圳市罗湖区深圳市罗湖区春风路2021号长丰苑商业裙楼1-4楼', 0);
INSERT INTO `hr_shop` VALUES (882, '深圳市', 'A00G', 0, '1872259199000', 23, 114, 785, 0, '1587916800000', '龙岗店', '广东省深圳市龙岗区龙翔大道世贸中心华润万家', 0);
INSERT INTO `hr_shop` VALUES (882, '深圳市', 'A00H', 0, '1872259199000', 23, 114, 823, 0, '1587916800000', '西丽店', '广东省深圳市南山区西丽珠光路宝珠花园1-4楼', 0);
INSERT INTO `hr_shop` VALUES (882, '深圳市', 'A00I', 0, '1872259199000', 23, 114, 784, 0, '1587916800000', '益田店', '广东省深圳市福田区福民路北面皇达东方雅苑裙楼1-4楼', 0);
INSERT INTO `hr_shop` VALUES (882, '深圳市', 'A00J', 0, '1872259199000', 23, 114, 783, 0, '1587916800000', '沙井店', '广东省深圳市宝安区沙井镇新沙路与中心路交汇处深明丰大', 0);
INSERT INTO `hr_shop` VALUES (882, '深圳市', 'A00K', 0, '1872259199000', 23, 114, 804, 0, '1587916800000', '宝安中心店', '广东省深圳市宝安区新安街道创业路高发西岸花园1栋', 0);
INSERT INTO `hr_shop` VALUES (882, '深圳市', 'A00T', 0, '1872259199000', 23, 114, 802, 0, '1587916800000', '沙头角深盐店', '广东省深圳市盐田区深圳市盐田区深盐路与海山路交汇处政府对面（壹海', 0);
INSERT INTO `hr_shop` VALUES (882, '深圳市', 'A00V', 0, '1872259199000', 23, 114, 805, 0, '1587916800000', '民治梅龙店', '广东省深圳市龙华区民治街道大岭社区公馆1866花园北区1栋N-L114', 0);
INSERT INTO `hr_shop` VALUES (882, '深圳市', 'A00W', 0, '1872259199000', 23, 114, 788, 0, '1587916800000', '沙井创新店', '广东省深圳市宝安区沙井街道沙井路168号中熙广场沙井京基', 0);
INSERT INTO `hr_shop` VALUES (882, '深圳市', 'A01D', 0, '1872259199000', 23, 114, 789, 0, '1587916800000', '侨香店', '广东省深圳市福田区侨香村1栋裙楼一、二、三层1号', 0);
INSERT INTO `hr_shop` VALUES (882, '深圳市', 'A01F', 0, '1872259199000', 23, 114, 818, 0, '1587916800000', '南联店', '广东省深圳市龙岗区龙岗街道平南社区深惠路860号摩尔城S', 0);
INSERT INTO `hr_shop` VALUES (882, '深圳市', 'A01G', 0, '1872259199000', 23, 114, 781, 0, '1587916800000', '龙华店', '广东省深圳市龙华区龙华街道办人民路美丽AAA花园商业裙楼', 0);
INSERT INTO `hr_shop` VALUES (882, '深圳市', 'A01J', 0, '1872259199000', 23, 114, 792, 0, '1587916800000', '莲塘店', '广东省深圳市罗湖区聚宝路101聚宝华府东门1-3层', 0);
INSERT INTO `hr_shop` VALUES (882, '深圳市', 'A01K', 0, '1872259199000', 23, 114, 786, 0, '1587916800000', '华润万家-南新店', '广东省深圳市南山区深圳市南山区南新路3030号欢乐颂购物中心负一楼', 0);
INSERT INTO `hr_shop` VALUES (882, '深圳市', 'A01N', 0, '1872259199000', 22, 114, 796, 0, '1587916800000', 'V+东滨店', '广东省深圳市南山区中心路太古城花园南区NB211号商铺', 0);
INSERT INTO `hr_shop` VALUES (882, '深圳市', 'A01W', 0, '1872259199000', 23, 114, 809, 0, '1587916800000', '华润万家-民治民乐店', '广东省深圳市龙华区华润万家(民乐店)星河COCO City(民治店)', 0);
INSERT INTO `hr_shop` VALUES (813, '珠海市', 'A20C', 0, '1872259199000', 22, 114, 794, 0, '1587916800000', '新香洲店', '广东省珠海市香洲区前山人民西路808号', 0);
INSERT INTO `hr_shop` VALUES (813, '珠海市', 'A20D', 0, '1872259199000', 22, 114, 798, 0, '1587916800000', '华润万家-前山店', '珠海市香洲区前山明珠南路1389号明珠商业广场二三楼', 0);
INSERT INTO `hr_shop` VALUES (813, '珠海市', 'A20H', 0, '1872259199000', 22, 114, 797, 0, '1587916800000', '南屏店', '广东省珠海市香洲区珠海大道33-101、201、301（商业服务）', 0);
INSERT INTO `hr_shop` VALUES (869, '广州市', 'A30B', 0, '1872259199000', 23, 113, 782, 0, '1587916800000', '五羊新城店', '广东省广州市越秀区寺右新马路106号', 0);
INSERT INTO `hr_shop` VALUES (869, '广州市', 'A30C', 0, '1872259199000', 23, 113, 790, 0, '1587916800000', '荔湾店', '广东省广州市荔湾区中山八路10号东峻荔景苑', 0);
INSERT INTO `hr_shop` VALUES (869, '广州市', 'A30D', 0, '1872259199000', 23, 113, 780, 0, '1587916800000', '天河北店', '广东省广州市天河区天河北路605号华标广场', 0);
INSERT INTO `hr_shop` VALUES (869, '广州市', 'A30E', 0, '1872259199000', 23, 113, 791, 0, '1587916800000', '天河公园店', '广东省广州市天河区中山大道西160-178号', 0);
INSERT INTO `hr_shop` VALUES (869, '广州市', 'A30F', 0, '1872259199000', 23, 113, 807, 0, '1587916800000', '天河东店', '广东省广州市从化区广州市天河区天河南二路33号', 0);
INSERT INTO `hr_shop` VALUES (869, '广州市', 'A30H', 0, '1872259199000', 23, 113, 801, 0, '1587916800000', '客村店', '广东省广州市海珠区新港西路235号', 0);
INSERT INTO `hr_shop` VALUES (869, '广州市', 'A30K', 0, '1872259199000', 23, 113, 803, 0, '1587916800000', '花都店', '广东省广州市花都区新华云山大道31号银丰大厦', 0);
INSERT INTO `hr_shop` VALUES (869, '广州市', 'A30M', 0, '1872259199000', 23, 114, 813, 0, '1587916800000', '新塘店', '广东省广州市增城区新塘镇新塘广场解放北路122号', 0);
INSERT INTO `hr_shop` VALUES (869, '广州市', 'A30N', 0, '1872259199000', 23, 113, 800, 0, '1587916800000', '龙洞店', '广东省广州市天河区龙洞迎龙大道6号一楼A区及二、三楼', 0);
INSERT INTO `hr_shop` VALUES (869, '广州市', 'A30S', 0, '1872259199000', 23, 113, 806, 0, '1587916800000', '花城广场店', '广东省广州市天河区花城大道89号花城汇负二层B201', 0);
INSERT INTO `hr_shop` VALUES (869, '广州市', 'A30T', 0, '1872259199000', 23, 113, 815, 0, '1587916800000', '番禺奥园店', '广东省广州市番禺区桥南街福德路奥园广场', 0);
INSERT INTO `hr_shop` VALUES (869, '广州市', 'A30U', 0, '1872259199000', 23, 113, 814, 0, '1587916800000', '东晓南店', '广州市海珠区锦悦街1号负一层01房号', 0);
INSERT INTO `hr_shop` VALUES (869, '广州市', 'A30X', 0, '1872259199000', 23, 113, 799, 0, '1587916800000', '番禺汉溪店', '广州市番禺区南村镇兴南大道368号万达百货B1层', 0);
INSERT INTO `hr_shop` VALUES (817, '惠州市', 'A40B', 0, '1872259199000', 23, 114, 817, 0, '1587916800000', '惠州店', '广东省惠州市惠城区麦地路35号南湖花园A栋1-4层', 0);
INSERT INTO `hr_shop` VALUES (843, '江门市', 'A72G', 0, '1872259199000', 22, 113, 821, 0, '1587916800000', '华润万家-开平店', '广东省开平市长沙区幕沙路70号益华广场A幢首二层', 0);
INSERT INTO `hr_shop` VALUES (823, '清远市', 'A80B', 0, '1872259199000', 24, 113, 816, 0, '1587916800000', '清远清新店', '广东省清远市清新区太和镇笔架路29号美林商业广场', 0);
INSERT INTO `hr_shop` VALUES (946, '阳江市', 'AQ0B', 0, '1872259199000', 22, 112, 822, 0, '1587916800000', '阳春东湖店', '广东省阳江市阳春市春城街道东湖公园二期旅游购物广场C幢', 0);
INSERT INTO `hr_shop` VALUES (669, '重庆市', 'CF0B', 0, '1872259199000', 30, 107, 1812, 0, '1587916800000', '重庆江北五江路店', '重庆市江北区五里店桥北苑2号（渝能明日城市销售中心旁）', 0);
INSERT INTO `hr_shop` VALUES (1081, '苏州市', 'J02N', 0, '1872259199000', 31, 121, 747, 0, '1587916800000', '园区店', '江苏省苏州市苏州工业园区津梁街172号', 0);
INSERT INTO `hr_shop` VALUES (757, '杭州市', 'K01B', 0, '1872259199000', 30, 120, 740, 0, '1587916800000', '濮家店', '浙江省杭州市江干区秋涛北路248号', 0);
INSERT INTO `hr_shop` VALUES (757, '杭州市', 'K02B', 0, '1872259199000', 30, 120, 741, 0, '1587916800000', '云河店', '浙江省杭州市拱墅区文一路20号云河大厦1-3层', 0);
INSERT INTO `hr_shop` VALUES (757, '杭州市', 'K02I', 0, '1872259199000', 30, 120, 742, 0, '1587916800000', '转塘店', '浙江省杭州市西湖区美院南路和杭富路交叉路口', 0);
INSERT INTO `hr_shop` VALUES (757, '杭州市', 'K02M', 0, '1872259199000', 30, 120, 743, 0, '1587916800000', '金沙大道店', '浙江省杭州市江干区金沙大道与上沙路交叉口', 0);
INSERT INTO `hr_shop` VALUES (726, '宁波市', 'K50C', 0, '1872259199000', 30, 121, 746, 0, '1587916800000', '香格店', '浙江省宁波市慈溪市古塘街道新城大道北路269—325号', 0);
INSERT INTO `hr_shop` VALUES (726, '宁波市', 'K50F', 0, '1872259199000', 30, 122, 745, 0, '1587916800000', '鄞州店', '浙江省宁波市鄞州区中河街道钱湖北路288号印象城购物中心', 0);
INSERT INTO `hr_shop` VALUES (726, '宁波市', 'K53M', 0, '1872259199000', 30, 121, 748, 0, '1587916800000', '华润万家余姚店', '浙江省余姚市浙江省宁波市余姚市阳明街道城区子陵路53号', 0);
INSERT INTO `hr_shop` VALUES (2918, '南昌市', 'OB5B', 0, '1872259199000', 29, 116, 749, 0, '1587916800000', '八一店', '江西省南昌市东湖区八一大道358号', 0);
INSERT INTO `hr_shop` VALUES (2918, '南昌市', 'OB5E', 0, '1872259199000', 29, 116, 751, 0, '1587916800000', '第一街区店', '江西省南昌市红谷滩新区红谷中大道北段西侧', 0);
INSERT INTO `hr_shop` VALUES (2918, '南昌市', 'OB5J', 0, '1872259199000', 29, 116, 750, 0, '1587916800000', '红谷滩店', '江西省南昌市东湖区会展路999号万达广场B1', 0);
INSERT INTO `hr_shop` VALUES (2918, '南昌市', 'OB5P', 0, '1872259199000', 29, 116, 752, 0, '1587916800000', '澄湖店', '江西省南昌市南昌县莲塘镇澄湖西路华润万家(澄湖店)', 0);
INSERT INTO `hr_shop` VALUES (2775, '郑州市', 'Q10E', 0, '1872259199000', 35, 114, 736, 0, '1587916800000', '郑州航海西路店', '河南省郑州市中原区桐柏路98号', 0);
INSERT INTO `hr_shop` VALUES (2775, '郑州市', 'Q10G', 0, '1872259199000', 35, 114, 1805, 0, '1587916800000', '郑州秦岭路店', '河南省郑州市中原区建设路与秦岭路交叉口西北侧建设西路198号', 0);
INSERT INTO `hr_shop` VALUES (650, '天津市', 'T10B', 0, '1872259199000', 39, 117, 699, 0, '1587916800000', '天津南楼北店', '天津市河西区天津市河西区大沽南路澳光大厦底商', 0);
INSERT INTO `hr_shop` VALUES (650, '天津市', 'T10D', 0, '1872259199000', 39, 117, 692, 0, '1587916800000', '天津友谊路店', '天津市河西区黑牛城道125号新业广场2层', 0);
INSERT INTO `hr_shop` VALUES (650, '天津市', 'T10E', 0, '1872259199000', 39, 117, 700, 0, '1587916800000', '天津紫金山路店', '天津市河西区气象台路与紫金山路交口西北侧宁发商城3-201号', 0);
INSERT INTO `hr_shop` VALUES (650, '天津市', 'T20C', 0, '1872259199000', 39, 117, 697, 0, '1587916800000', '天津十一经路店', '天津市河东区十一经路阳光新生活广场华润万家2楼服务台', 0);
INSERT INTO `hr_shop` VALUES (650, '天津市', 'T20D', 0, '1872259199000', 39, 117, 701, 0, '1587916800000', '天津泰兴路店', '天津市河东区津滨大道53号（河东万达）', 0);
INSERT INTO `hr_shop` VALUES (650, '天津市', 'T20E', 0, '1872259199000', 39, 117, 690, 0, '1587916800000', '天津卫国道店', '天津市河东区卫国道与天山路交口', 0);
INSERT INTO `hr_shop` VALUES (650, '天津市', 'T30C', 0, '1872259199000', 39, 117, 694, 0, '1587916800000', '天津金钟河大街分店', '天津市河北区天津市河北区万柳村大街56号', 0);
INSERT INTO `hr_shop` VALUES (650, '天津市', 'T40C', 0, '1872259199000', 39, 117, 689, 0, '1587916800000', '天津王顶堤店', '天津市南开区王顶堤红旗南路247号', 0);
INSERT INTO `hr_shop` VALUES (650, '天津市', 'T60B', 0, '1872259199000', 39, 117, 693, 0, '1587916800000', '天津东丽店', '天津市东丽区东丽开发区津塘公路南一经路东阳光新城市购物广场负一楼', 0);
INSERT INTO `hr_shop` VALUES (650, '天津市', 'T60C', 0, '1872259199000', 39, 117, 703, 0, '1587916800000', '天津先锋路店', '天津市东丽区先锋路61号恒星世界二层8226号、三层8319号', 0);
INSERT INTO `hr_shop` VALUES (650, '天津市', 'T80B', 0, '1872259199000', 39, 118, 709, 0, '1587916800000', '天津汉沽四纬路店', '天津市滨海新区茶淀街三经路以东四纬路以北（三经路与四纬路交口）', 0);
INSERT INTO `hr_shop` VALUES (650, '天津市', 'T90B', 0, '1872259199000', 39, 117, 687, 0, '1587916800000', '天津奥园店', '天津市北辰区天穆镇王庄村西', 0);
INSERT INTO `hr_shop` VALUES (650, '天津市', 'T90C', 0, '1872259199000', 39, 117, 695, 0, '1587916800000', '天津北辰店', '天津市北辰区京津公路西（天穆镇政府对过）', 0);
INSERT INTO `hr_shop` VALUES (650, '天津市', 'TA0B', 0, '1872259199000', 39, 118, 702, 0, '1587916800000', '天津塘沽店', '天津市塘沽区天津市塘沽区河北路1629号', 0);
INSERT INTO `hr_shop` VALUES (650, '天津市', 'TA0C', 0, '1872259199000', 39, 118, 698, 0, '1587916800000', '天津塘沽外滩店', '天津市塘沽区天津自贸试验区（中心商务区）上海道888-1号', 0);
INSERT INTO `hr_shop` VALUES (650, '天津市', 'TA0D', 0, '1872259199000', 39, 118, 691, 0, '1587916800000', '天津泰达店', '天津开发区黄海路19号', 0);
INSERT INTO `hr_shop` VALUES (650, '天津市', 'TA0E', 0, '1872259199000', 39, 118, 696, 0, '1587916800000', '天津福州道分店', '天津市滨海新区塘沽福州道916号', 0);
INSERT INTO `hr_shop` VALUES (650, '天津市', 'TC0B', 0, '1872259199000', 39, 117, 688, 0, '1587916800000', '天津西青道店', '天津市红桥区西青道58号', 0);
INSERT INTO `hr_shop` VALUES (650, '天津市', 'TD0B', 0, '1872259199000', 39, 117, 704, 0, '1587916800000', '天津武清店', '天津市武清区天津武清区中信广场B座华润万家', 0);
INSERT INTO `hr_shop` VALUES (650, '天津市', 'TE0B', 0, '1872259199000', 39, 117, 706, 0, '1587916800000', '天津静海店', '天津市静海区静海东方红路与京福路交口处东北侧', 0);
INSERT INTO `hr_shop` VALUES (650, '天津市', 'TE0C', 0, '1872259199000', 39, 117, 708, 0, '1587916800000', '天津静海春曦道店', '天津市静海区东方红路与（春曦道交口处）', 0);
INSERT INTO `hr_shop` VALUES (650, '天津市', 'TF0B', 0, '1872259199000', 40, 117, 707, 0, '1587916800000', '天津宝坻店', '天津市宝坻区环城南路26号', 0);
INSERT INTO `hr_shop` VALUES (650, '天津市', 'TY2B', 0, '1872259199000', 39, 117, 705, 0, '1587916800000', '天津咸水沽店', '天津市津南区咸水沽镇津沽公路260号', 0);
INSERT INTO `hr_shop` VALUES (2504, '长沙市', 'U00B', 0, '1872259199000', 28, 113, 824, 0, '1587916800000', '世纪金源店', '湖南省长沙市开福区五合院湘江世纪城16-19区首层', 0);
INSERT INTO `hr_shop` VALUES (2504, '长沙市', 'U00C', 0, '1872259199000', 28, 113, 828, 0, '1587916800000', '湘府店', '湖南省长沙市雨花区湘府东路二段459号', 0);
INSERT INTO `hr_shop` VALUES (2504, '长沙市', 'U00G', 0, '1872259199000', 28, 113, 825, 0, '1587916800000', '开福店', '湖南省长沙市开福区中山路589号长沙开福万达广场', 0);
INSERT INTO `hr_shop` VALUES (2504, '长沙市', 'U00J', 0, '1872259199000', 28, 113, 827, 0, '1587916800000', '蔡锷路店', '湖南省长沙市开福区芙蓉中路一段416号泊富国际广场负二层', 0);
INSERT INTO `hr_shop` VALUES (2630, '株洲市', 'U43B', 0, '1872259199000', 28, 113, 1811, 0, '1587916800000', '株洲购物中心店', '湖南省株洲市荷塘区新华西路559号', 0);
INSERT INTO `hr_shop` VALUES (3895, '南宁', 'VA0B', 0, '1872259199000', 23, 108, 812, 0, '1587916800000', '华润万家-东葛店', '广西壮族自治区南宁市青秀区建政街道永凯现代城', 0);
INSERT INTO `hr_shop` VALUES (3823, '百色市', 'VL0B', 0, '1872259199000', 24, 107, 811, 0, '1587916800000', '百色店', '广西省百色市右江区新兴路18号恒基城市广场一号楼', 0);
INSERT INTO `hr_shop` VALUES (1514, '成都市', 'X10C', 0, '1872259199000', 31, 104, 829, 0, '1587916800000', '锦江翡翠城店', '成都市锦江区琉璃路566号', 0);
INSERT INTO `hr_shop` VALUES (3143, '西安市', 'Y10B', 0, '1872259199000', 34, 109, 730, 0, '1587916800000', '西安莲湖店', '陕西省西安市莲湖区大庆路120号', 0);
INSERT INTO `hr_shop` VALUES (3143, '西安市', 'Y10D', 0, '1872259199000', 34, 109, 719, 0, '1587916800000', '西安南大街店', '陕西省西安市雁塔区粉巷18号', 0);
INSERT INTO `hr_shop` VALUES (3143, '西安市', 'Y10H', 0, '1872259199000', 34, 109, 729, 0, '1587916800000', '西安长安新都市店', '陕西省西安市长安区广场西路1号', 0);
INSERT INTO `hr_shop` VALUES (3143, '西安市', 'Y10K', 0, '1872259199000', 34, 109, 717, 0, '1587916800000', '西安北关正街店', '陕西省西安市莲湖区北关正街16号', 0);
INSERT INTO `hr_shop` VALUES (3143, '西安市', 'Y10M', 0, '1872259199000', 34, 109, 718, 0, '1587916800000', '西安含光路店', '陕西省西安市雁塔区含光南路与电子二路交叉口大明宫雁塔购物广场1~3层', 0);
INSERT INTO `hr_shop` VALUES (3143, '西安市', 'Y10N', 0, '1872259199000', 34, 109, 710, 0, '1587916800000', '西安科技路店', '陕西省西安市雁塔区科技路259号', 0);
INSERT INTO `hr_shop` VALUES (3143, '西安市', 'Y10P', 0, '1872259199000', 34, 109, 728, 0, '1587916800000', '西安市西影路店', '陕西省西安市雁塔区西影路50号', 0);
INSERT INTO `hr_shop` VALUES (3143, '西安市', 'Y10U', 0, '1872259199000', 35, 109, 722, 0, '1587916800000', '西安阎良店', '陕西省西安市阎良区人民路中段千禧广场', 0);
INSERT INTO `hr_shop` VALUES (3143, '西安市', 'Y10V', 0, '1872259199000', 34, 109, 714, 0, '1587916800000', '西安西二环店', '陕西省西安市莲湖区丰镐东路42号', 0);
INSERT INTO `hr_shop` VALUES (3143, '西安市', 'Y10W', 0, '1872259199000', 34, 109, 723, 0, '1587916800000', '西安文艺路店', '陕西省西安市碑林区友谊东路334号', 0);
INSERT INTO `hr_shop` VALUES (3143, '西安市', 'Y12B', 0, '1872259199000', 34, 109, 727, 0, '1587916800000', '西安大雁塔店', '陕西省西安市雁塔区雁塔南路新乐汇480号', 0);
INSERT INTO `hr_shop` VALUES (3143, '西安市', 'Y12C', 0, '1872259199000', 34, 109, 715, 0, '1587916800000', '西安渭滨路店', '陕西省西安市未央区渭滨路与渭滨西街交界', 0);
INSERT INTO `hr_shop` VALUES (3143, '西安市', 'Y12D', 0, '1872259199000', 34, 109, 716, 0, '1587916800000', '西安兴庆路店', '陕西省西安市碑林区太乙路街道A索教育(交大分部)馨乐庭兴庆宫服务公寓', 0);
INSERT INTO `hr_shop` VALUES (3143, '西安市', 'Y12E', 0, '1872259199000', 34, 109, 713, 0, '1587916800000', '西安长乐东路店', '陕西省西安市新城区长乐东路88号东郊车管所西', 0);
INSERT INTO `hr_shop` VALUES (3143, '西安市', 'Y12L', 0, '1872259199000', 34, 109, 725, 0, '1587916800000', '西安韩森路店', '陕西省西安市新城区韩森路168号海方商城2，3层', 0);
INSERT INTO `hr_shop` VALUES (3143, '西安市', 'Y12S', 0, '1872259199000', 34, 109, 720, 0, '1587916800000', '西安太白南路店', '陕西省西安市雁塔区丈八东路201号高山流水和城小区6号楼1层、B1层局部华润万家（太白南路店）', 0);
INSERT INTO `hr_shop` VALUES (3143, '西安市', 'Y12U', 0, '1872259199000', 34, 109, 721, 0, '1587916800000', '西安太奥广场店', '陕西省西安市莲湖区丰禾路275号太奥广场B1层', 0);
INSERT INTO `hr_shop` VALUES (3143, '西安市', 'Y12V', 0, '1872259199000', 34, 109, 711, 0, '1587916800000', '西安未央路店', '陕西省西安市未央区方新村北盛龙广场B1层', 0);
INSERT INTO `hr_shop` VALUES (3093, '汉中市', 'YF0B', 0, '1872259199000', 33, 107, 731, 0, '1587916800000', '汉中天汉大道店', '陕西省汉中市汉台区天汉大道中段万邦时代广场负一层', 0);
INSERT INTO `hr_shop` VALUES (3376, '兰州市', 'Z10B', 0, '1872259199000', 36, 104, 1804, 0, '1587916800000', '兰州天水路店', '甘肃省兰州市甘南路1号', 0);
INSERT INTO `hr_shop` VALUES (3376, '兰州市', 'Z10E', 0, '1872259199000', 36, 104, 1803, 0, '1587916800000', '兰州仁恒国际店', '甘肃省兰州市城关区和政东街189号', 0);
INSERT INTO `hr_shop` VALUES (3376, '兰州市', 'Z10H', 0, '1872259199000', 36, 104, 734, 0, '1587916800000', '兰州天水北路店', '甘肃省兰州市城关区天水北路68号万达广场', 0);
COMMIT;

-- ----------------------------
-- Table structure for hr_user
-- ----------------------------
DROP TABLE IF EXISTS `hr_user`;
CREATE TABLE `hr_user` (
  `id` int(8) DEFAULT NULL COMMENT '用户id',
  `mobile` varchar(255) NOT NULL COMMENT '用户手机号',
  `password` varchar(255) NOT NULL COMMENT '用户密码',
  `user_session` varchar(255) DEFAULT NULL COMMENT '用户token',
  `birthday` varchar(255) DEFAULT NULL COMMENT '用户生日',
  `id_card` varchar(255) DEFAULT NULL COMMENT '会员卡',
  `region_name` varchar(255) DEFAULT NULL COMMENT '地区名称',
  `pic` int(255) DEFAULT NULL,
  `card_no` int(11) DEFAULT NULL COMMENT '会员卡号',
  `un_send_order_count` varchar(255) DEFAULT NULL,
  `login_name` varchar(255) DEFAULT NULL COMMENT '登录名',
  `un_receive_order_count` varchar(255) DEFAULT NULL,
  `nickname` varchar(255) DEFAULT NULL COMMENT '昵称',
  `un_pay_order_count` int(255) DEFAULT NULL,
  `shop_id` varchar(0) DEFAULT NULL COMMENT '商店id',
  `member_id` int(8) DEFAULT NULL,
  `inquire` int(1) DEFAULT NULL,
  `address` varchar(255) DEFAULT NULL,
  `uname` varchar(255) DEFAULT NULL,
  `sex` int(1) DEFAULT NULL,
  `collect_count` int(255) DEFAULT NULL,
  `unread_message_count` int(255) DEFAULT NULL,
  `un_evaluate_order_count` int(255) DEFAULT NULL,
  `zipcode` varchar(255) DEFAULT NULL,
  `real_name` varchar(255) DEFAULT NULL,
  `region_id` varchar(0) DEFAULT NULL,
  `clerk_code` varchar(255) DEFAULT NULL,
  `account_balance` int(255) DEFAULT NULL,
  `ncms_member_id` varchar(0) DEFAULT NULL,
  `is_order` int(1) NOT NULL COMMENT '是否下单用户',
  PRIMARY KEY (`mobile`)
) ENGINE=InnoDB DEFAULT CHARSET=utf8mb4 COMMENT='用户信息表';

-- ----------------------------
-- Records of hr_user
-- ----------------------------
BEGIN;
INSERT INTO `hr_user` VALUES (NULL, '15272370478', 'fljj102292', NULL, NULL, NULL, NULL, NULL, NULL, NULL, NULL, NULL, NULL, NULL, NULL, NULL, NULL, NULL, NULL, NULL, NULL, NULL, NULL, NULL, NULL, NULL, NULL, NULL, NULL, 0);
COMMIT;

-- ----------------------------
-- Table structure for sys_config
-- ----------------------------
DROP TABLE IF EXISTS `sys_config`;
CREATE TABLE `sys_config` (
  `config_id` int(5) NOT NULL AUTO_INCREMENT COMMENT '参数主键',
  `config_name` varchar(100) DEFAULT '' COMMENT '参数名称',
  `config_key` varchar(100) DEFAULT '' COMMENT '参数键名',
  `config_value` varchar(500) DEFAULT '' COMMENT '参数键值',
  `config_type` char(1) DEFAULT 'N' COMMENT '系统内置（Y是 N否）',
  `create_by` varchar(64) DEFAULT '' COMMENT '创建者',
  `create_time` datetime DEFAULT NULL COMMENT '创建时间',
  `update_by` varchar(64) DEFAULT '' COMMENT '更新者',
  `update_time` datetime DEFAULT NULL COMMENT '更新时间',
  `remark` varchar(500) DEFAULT NULL COMMENT '备注',
  PRIMARY KEY (`config_id`)
) ENGINE=InnoDB AUTO_INCREMENT=100 DEFAULT CHARSET=utf8mb4 COMMENT='参数配置表';

-- ----------------------------
-- Records of sys_config
-- ----------------------------
BEGIN;
INSERT INTO `sys_config` VALUES (1, '主框架页-默认皮肤样式名称', 'sys.index.skinName', 'skin-blue', 'Y', 'admin', '2018-03-16 11:33:00', 'ry', '2018-03-16 11:33:00', '蓝色 skin-blue、绿色 skin-green、紫色 skin-purple、红色 skin-red、黄色 skin-yellow');
INSERT INTO `sys_config` VALUES (2, '用户管理-账号初始密码', 'sys.user.initPassword', '123456', 'Y', 'admin', '2018-03-16 11:33:00', 'ry', '2018-03-16 11:33:00', '初始化密码 123456');
INSERT INTO `sys_config` VALUES (3, '主框架页-侧边栏主题', 'sys.index.sideTheme', 'theme-dark', 'Y', 'admin', '2018-03-16 11:33:00', 'ry', '2018-03-16 11:33:00', '深色主题theme-dark，浅色主题theme-light');
COMMIT;

-- ----------------------------
-- Table structure for sys_dept
-- ----------------------------
DROP TABLE IF EXISTS `sys_dept`;
CREATE TABLE `sys_dept` (
  `dept_id` bigint(20) NOT NULL AUTO_INCREMENT COMMENT '部门id',
  `parent_id` bigint(20) DEFAULT '0' COMMENT '父部门id',
  `ancestors` varchar(50) DEFAULT '' COMMENT '祖级列表',
  `dept_name` varchar(30) DEFAULT '' COMMENT '部门名称',
  `order_num` int(4) DEFAULT '0' COMMENT '显示顺序',
  `leader` varchar(20) DEFAULT NULL COMMENT '负责人',
  `phone` varchar(11) DEFAULT NULL COMMENT '联系电话',
  `email` varchar(50) DEFAULT NULL COMMENT '邮箱',
  `status` char(1) DEFAULT '0' COMMENT '部门状态（0正常 1停用）',
  `del_flag` char(1) DEFAULT '0' COMMENT '删除标志（0代表存在 2代表删除）',
  `create_by` varchar(64) DEFAULT '' COMMENT '创建者',
  `create_time` datetime DEFAULT NULL COMMENT '创建时间',
  `update_by` varchar(64) DEFAULT '' COMMENT '更新者',
  `update_time` datetime DEFAULT NULL COMMENT '更新时间',
  PRIMARY KEY (`dept_id`)
) ENGINE=InnoDB AUTO_INCREMENT=200 DEFAULT CHARSET=utf8mb4 COMMENT='部门表';

-- ----------------------------
-- Records of sys_dept
-- ----------------------------
BEGIN;
INSERT INTO `sys_dept` VALUES (100, 0, '0', '若依科技', 0, '若依', '15888888888', 'ry@qq.com', '0', '0', 'admin', '2018-03-16 11:33:00', 'ry', '2018-03-16 11:33:00');
INSERT INTO `sys_dept` VALUES (101, 100, '0,100', '深圳总公司', 1, '若依', '15888888888', 'ry@qq.com', '0', '0', 'admin', '2018-03-16 11:33:00', 'ry', '2018-03-16 11:33:00');
INSERT INTO `sys_dept` VALUES (102, 100, '0,100', '长沙分公司', 2, '若依', '15888888888', 'ry@qq.com', '0', '0', 'admin', '2018-03-16 11:33:00', 'ry', '2018-03-16 11:33:00');
INSERT INTO `sys_dept` VALUES (103, 101, '0,100,101', '研发部门', 1, '若依', '15888888888', 'ry@qq.com', '0', '0', 'admin', '2018-03-16 11:33:00', 'ry', '2018-03-16 11:33:00');
INSERT INTO `sys_dept` VALUES (104, 101, '0,100,101', '市场部门', 2, '若依', '15888888888', 'ry@qq.com', '0', '0', 'admin', '2018-03-16 11:33:00', 'ry', '2018-03-16 11:33:00');
INSERT INTO `sys_dept` VALUES (105, 101, '0,100,101', '测试部门', 3, '若依', '15888888888', 'ry@qq.com', '0', '0', 'admin', '2018-03-16 11:33:00', 'ry', '2018-03-16 11:33:00');
INSERT INTO `sys_dept` VALUES (106, 101, '0,100,101', '财务部门', 4, '若依', '15888888888', 'ry@qq.com', '0', '0', 'admin', '2018-03-16 11:33:00', 'ry', '2018-03-16 11:33:00');
INSERT INTO `sys_dept` VALUES (107, 101, '0,100,101', '运维部门', 5, '若依', '15888888888', 'ry@qq.com', '0', '0', 'admin', '2018-03-16 11:33:00', 'ry', '2018-03-16 11:33:00');
INSERT INTO `sys_dept` VALUES (108, 102, '0,100,102', '市场部门', 1, '若依', '15888888888', 'ry@qq.com', '0', '0', 'admin', '2018-03-16 11:33:00', 'ry', '2018-03-16 11:33:00');
INSERT INTO `sys_dept` VALUES (109, 102, '0,100,102', '财务部门', 2, '若依', '15888888888', 'ry@qq.com', '0', '0', 'admin', '2018-03-16 11:33:00', 'ry', '2018-03-16 11:33:00');
COMMIT;

-- ----------------------------
-- Table structure for sys_dict_data
-- ----------------------------
DROP TABLE IF EXISTS `sys_dict_data`;
CREATE TABLE `sys_dict_data` (
  `dict_code` bigint(20) NOT NULL AUTO_INCREMENT COMMENT '字典编码',
  `dict_sort` int(4) DEFAULT '0' COMMENT '字典排序',
  `dict_label` varchar(100) DEFAULT '' COMMENT '字典标签',
  `dict_value` varchar(100) DEFAULT '' COMMENT '字典键值',
  `dict_type` varchar(100) DEFAULT '' COMMENT '字典类型',
  `css_class` varchar(100) DEFAULT NULL COMMENT '样式属性（其他样式扩展）',
  `list_class` varchar(100) DEFAULT NULL COMMENT '表格回显样式',
  `is_default` char(1) DEFAULT 'N' COMMENT '是否默认（Y是 N否）',
  `status` char(1) DEFAULT '0' COMMENT '状态（0正常 1停用）',
  `create_by` varchar(64) DEFAULT '' COMMENT '创建者',
  `create_time` datetime DEFAULT NULL COMMENT '创建时间',
  `update_by` varchar(64) DEFAULT '' COMMENT '更新者',
  `update_time` datetime DEFAULT NULL COMMENT '更新时间',
  `remark` varchar(500) DEFAULT NULL COMMENT '备注',
  PRIMARY KEY (`dict_code`)
) ENGINE=InnoDB AUTO_INCREMENT=100 DEFAULT CHARSET=utf8mb4 COMMENT='字典数据表';

-- ----------------------------
-- Records of sys_dict_data
-- ----------------------------
BEGIN;
INSERT INTO `sys_dict_data` VALUES (1, 1, '男', '0', 'sys_user_sex', '', '', 'Y', '0', 'admin', '2018-03-16 11:33:00', 'ry', '2018-03-16 11:33:00', '性别男');
INSERT INTO `sys_dict_data` VALUES (2, 2, '女', '1', 'sys_user_sex', '', '', 'N', '0', 'admin', '2018-03-16 11:33:00', 'ry', '2018-03-16 11:33:00', '性别女');
INSERT INTO `sys_dict_data` VALUES (3, 3, '未知', '2', 'sys_user_sex', '', '', 'N', '0', 'admin', '2018-03-16 11:33:00', 'ry', '2018-03-16 11:33:00', '性别未知');
INSERT INTO `sys_dict_data` VALUES (4, 1, '显示', '0', 'sys_show_hide', '', 'primary', 'Y', '0', 'admin', '2018-03-16 11:33:00', 'ry', '2018-03-16 11:33:00', '显示菜单');
INSERT INTO `sys_dict_data` VALUES (5, 2, '隐藏', '1', 'sys_show_hide', '', 'danger', 'N', '0', 'admin', '2018-03-16 11:33:00', 'ry', '2018-03-16 11:33:00', '隐藏菜单');
INSERT INTO `sys_dict_data` VALUES (6, 1, '正常', '0', 'sys_normal_disable', '', 'primary', 'Y', '0', 'admin', '2018-03-16 11:33:00', 'ry', '2018-03-16 11:33:00', '正常状态');
INSERT INTO `sys_dict_data` VALUES (7, 2, '停用', '1', 'sys_normal_disable', '', 'danger', 'N', '0', 'admin', '2018-03-16 11:33:00', 'ry', '2018-03-16 11:33:00', '停用状态');
INSERT INTO `sys_dict_data` VALUES (8, 1, '正常', '0', 'sys_job_status', '', 'primary', 'Y', '0', 'admin', '2018-03-16 11:33:00', 'ry', '2018-03-16 11:33:00', '正常状态');
INSERT INTO `sys_dict_data` VALUES (9, 2, '暂停', '1', 'sys_job_status', '', 'danger', 'N', '0', 'admin', '2018-03-16 11:33:00', 'ry', '2018-03-16 11:33:00', '停用状态');
INSERT INTO `sys_dict_data` VALUES (10, 1, '默认', 'DEFAULT', 'sys_job_group', '', '', 'Y', '0', 'admin', '2018-03-16 11:33:00', 'ry', '2018-03-16 11:33:00', '默认分组');
INSERT INTO `sys_dict_data` VALUES (11, 2, '系统', 'SYSTEM', 'sys_job_group', '', '', 'N', '0', 'admin', '2018-03-16 11:33:00', 'ry', '2018-03-16 11:33:00', '系统分组');
INSERT INTO `sys_dict_data` VALUES (12, 1, '是', 'Y', 'sys_yes_no', '', 'primary', 'Y', '0', 'admin', '2018-03-16 11:33:00', 'ry', '2018-03-16 11:33:00', '系统默认是');
INSERT INTO `sys_dict_data` VALUES (13, 2, '否', 'N', 'sys_yes_no', '', 'danger', 'N', '0', 'admin', '2018-03-16 11:33:00', 'ry', '2018-03-16 11:33:00', '系统默认否');
INSERT INTO `sys_dict_data` VALUES (14, 1, '通知', '1', 'sys_notice_type', '', 'warning', 'Y', '0', 'admin', '2018-03-16 11:33:00', 'ry', '2018-03-16 11:33:00', '通知');
INSERT INTO `sys_dict_data` VALUES (15, 2, '公告', '2', 'sys_notice_type', '', 'success', 'N', '0', 'admin', '2018-03-16 11:33:00', 'ry', '2018-03-16 11:33:00', '公告');
INSERT INTO `sys_dict_data` VALUES (16, 1, '正常', '0', 'sys_notice_status', '', 'primary', 'Y', '0', 'admin', '2018-03-16 11:33:00', 'ry', '2018-03-16 11:33:00', '正常状态');
INSERT INTO `sys_dict_data` VALUES (17, 2, '关闭', '1', 'sys_notice_status', '', 'danger', 'N', '0', 'admin', '2018-03-16 11:33:00', 'ry', '2018-03-16 11:33:00', '关闭状态');
INSERT INTO `sys_dict_data` VALUES (18, 1, '新增', '1', 'sys_oper_type', '', 'info', 'N', '0', 'admin', '2018-03-16 11:33:00', 'ry', '2018-03-16 11:33:00', '新增操作');
INSERT INTO `sys_dict_data` VALUES (19, 2, '修改', '2', 'sys_oper_type', '', 'info', 'N', '0', 'admin', '2018-03-16 11:33:00', 'ry', '2018-03-16 11:33:00', '修改操作');
INSERT INTO `sys_dict_data` VALUES (20, 3, '删除', '3', 'sys_oper_type', '', 'danger', 'N', '0', 'admin', '2018-03-16 11:33:00', 'ry', '2018-03-16 11:33:00', '删除操作');
INSERT INTO `sys_dict_data` VALUES (21, 4, '授权', '4', 'sys_oper_type', '', 'primary', 'N', '0', 'admin', '2018-03-16 11:33:00', 'ry', '2018-03-16 11:33:00', '授权操作');
INSERT INTO `sys_dict_data` VALUES (22, 5, '导出', '5', 'sys_oper_type', '', 'warning', 'N', '0', 'admin', '2018-03-16 11:33:00', 'ry', '2018-03-16 11:33:00', '导出操作');
INSERT INTO `sys_dict_data` VALUES (23, 6, '导入', '6', 'sys_oper_type', '', 'warning', 'N', '0', 'admin', '2018-03-16 11:33:00', 'ry', '2018-03-16 11:33:00', '导入操作');
INSERT INTO `sys_dict_data` VALUES (24, 7, '强退', '7', 'sys_oper_type', '', 'danger', 'N', '0', 'admin', '2018-03-16 11:33:00', 'ry', '2018-03-16 11:33:00', '强退操作');
INSERT INTO `sys_dict_data` VALUES (25, 8, '生成代码', '8', 'sys_oper_type', '', 'warning', 'N', '0', 'admin', '2018-03-16 11:33:00', 'ry', '2018-03-16 11:33:00', '生成操作');
INSERT INTO `sys_dict_data` VALUES (26, 9, '清空数据', '9', 'sys_oper_type', '', 'danger', 'N', '0', 'admin', '2018-03-16 11:33:00', 'ry', '2018-03-16 11:33:00', '清空操作');
INSERT INTO `sys_dict_data` VALUES (27, 1, '成功', '0', 'sys_common_status', '', 'primary', 'N', '0', 'admin', '2018-03-16 11:33:00', 'ry', '2018-03-16 11:33:00', '正常状态');
INSERT INTO `sys_dict_data` VALUES (28, 2, '失败', '1', 'sys_common_status', '', 'danger', 'N', '0', 'admin', '2018-03-16 11:33:00', 'ry', '2018-03-16 11:33:00', '停用状态');
COMMIT;

-- ----------------------------
-- Table structure for sys_dict_type
-- ----------------------------
DROP TABLE IF EXISTS `sys_dict_type`;
CREATE TABLE `sys_dict_type` (
  `dict_id` bigint(20) NOT NULL AUTO_INCREMENT COMMENT '字典主键',
  `dict_name` varchar(100) DEFAULT '' COMMENT '字典名称',
  `dict_type` varchar(100) DEFAULT '' COMMENT '字典类型',
  `status` char(1) DEFAULT '0' COMMENT '状态（0正常 1停用）',
  `create_by` varchar(64) DEFAULT '' COMMENT '创建者',
  `create_time` datetime DEFAULT NULL COMMENT '创建时间',
  `update_by` varchar(64) DEFAULT '' COMMENT '更新者',
  `update_time` datetime DEFAULT NULL COMMENT '更新时间',
  `remark` varchar(500) DEFAULT NULL COMMENT '备注',
  PRIMARY KEY (`dict_id`),
  UNIQUE KEY `dict_type` (`dict_type`)
) ENGINE=InnoDB AUTO_INCREMENT=100 DEFAULT CHARSET=utf8mb4 COMMENT='字典类型表';

-- ----------------------------
-- Records of sys_dict_type
-- ----------------------------
BEGIN;
INSERT INTO `sys_dict_type` VALUES (1, '用户性别', 'sys_user_sex', '0', 'admin', '2018-03-16 11:33:00', 'ry', '2018-03-16 11:33:00', '用户性别列表');
INSERT INTO `sys_dict_type` VALUES (2, '菜单状态', 'sys_show_hide', '0', 'admin', '2018-03-16 11:33:00', 'ry', '2018-03-16 11:33:00', '菜单状态列表');
INSERT INTO `sys_dict_type` VALUES (3, '系统开关', 'sys_normal_disable', '0', 'admin', '2018-03-16 11:33:00', 'ry', '2018-03-16 11:33:00', '系统开关列表');
INSERT INTO `sys_dict_type` VALUES (4, '任务状态', 'sys_job_status', '0', 'admin', '2018-03-16 11:33:00', 'ry', '2018-03-16 11:33:00', '任务状态列表');
INSERT INTO `sys_dict_type` VALUES (5, '任务分组', 'sys_job_group', '0', 'admin', '2018-03-16 11:33:00', 'ry', '2018-03-16 11:33:00', '任务分组列表');
INSERT INTO `sys_dict_type` VALUES (6, '系统是否', 'sys_yes_no', '0', 'admin', '2018-03-16 11:33:00', 'ry', '2018-03-16 11:33:00', '系统是否列表');
INSERT INTO `sys_dict_type` VALUES (7, '通知类型', 'sys_notice_type', '0', 'admin', '2018-03-16 11:33:00', 'ry', '2018-03-16 11:33:00', '通知类型列表');
INSERT INTO `sys_dict_type` VALUES (8, '通知状态', 'sys_notice_status', '0', 'admin', '2018-03-16 11:33:00', 'ry', '2018-03-16 11:33:00', '通知状态列表');
INSERT INTO `sys_dict_type` VALUES (9, '操作类型', 'sys_oper_type', '0', 'admin', '2018-03-16 11:33:00', 'ry', '2018-03-16 11:33:00', '操作类型列表');
INSERT INTO `sys_dict_type` VALUES (10, '系统状态', 'sys_common_status', '0', 'admin', '2018-03-16 11:33:00', 'ry', '2018-03-16 11:33:00', '登录状态列表');
COMMIT;

-- ----------------------------
-- Table structure for sys_job
-- ----------------------------
DROP TABLE IF EXISTS `sys_job`;
CREATE TABLE `sys_job` (
  `job_id` bigint(20) NOT NULL AUTO_INCREMENT COMMENT '任务ID',
  `job_name` varchar(64) NOT NULL DEFAULT '' COMMENT '任务名称',
  `job_group` varchar(64) NOT NULL DEFAULT 'DEFAULT' COMMENT '任务组名',
  `invoke_target` varchar(500) NOT NULL COMMENT '调用目标字符串',
  `cron_expression` varchar(255) DEFAULT '' COMMENT 'cron执行表达式',
  `misfire_policy` varchar(20) DEFAULT '3' COMMENT '计划执行错误策略（1立即执行 2执行一次 3放弃执行）',
  `concurrent` char(1) DEFAULT '1' COMMENT '是否并发执行（0允许 1禁止）',
  `status` char(1) DEFAULT '0' COMMENT '状态（0正常 1暂停）',
  `create_by` varchar(64) DEFAULT '' COMMENT '创建者',
  `create_time` datetime DEFAULT NULL COMMENT '创建时间',
  `update_by` varchar(64) DEFAULT '' COMMENT '更新者',
  `update_time` datetime DEFAULT NULL COMMENT '更新时间',
  `remark` varchar(500) DEFAULT '' COMMENT '备注信息',
  PRIMARY KEY (`job_id`,`job_name`,`job_group`)
) ENGINE=InnoDB AUTO_INCREMENT=104 DEFAULT CHARSET=utf8mb4 COMMENT='定时任务调度表';

-- ----------------------------
-- Records of sys_job
-- ----------------------------
BEGIN;
INSERT INTO `sys_job` VALUES (1, '系统默认（无参）', 'DEFAULT', 'ryTask.ryNoParams', '0/10 * * * * ?', '3', '1', '1', 'admin', '2018-03-16 11:33:00', 'ry', '2018-03-16 11:33:00', '');
INSERT INTO `sys_job` VALUES (2, '系统默认（有参）', 'DEFAULT', 'ryTask.ryParams(\'ry\')', '0/15 * * * * ?', '3', '1', '1', 'admin', '2018-03-16 11:33:00', 'ry', '2018-03-16 11:33:00', '');
INSERT INTO `sys_job` VALUES (3, '系统默认（多参）', 'DEFAULT', 'ryTask.ryMultipleParams(\'ry\', true, 2000L, 316.50D, 100)', '0/20 * * * * ?', '3', '1', '1', 'admin', '2018-03-16 11:33:00', 'ry', '2018-03-16 11:33:00', '');
INSERT INTO `sys_job` VALUES (100, '获取城市列表', 'DEFAULT', 'HrCityTask.getActivityCityInfo(\'2\')', '0/10 * * * * ?', '1', '1', '1', 'admin', '2020-09-23 11:07:31', 'admin', '2020-09-23 14:13:06', '');
INSERT INTO `sys_job` VALUES (101, '获取门店列表', 'DEFAULT', 'HrCityTask.getAllShopsInfo(\'2\')', '0/10 * * * * ?', '1', '1', '1', 'admin', '2020-09-23 14:12:45', 'admin', '2020-09-23 14:30:25', '');
INSERT INTO `sys_job` VALUES (102, '添加用户', 'DEFAULT', 'HrUserTask.insertUserInfo(\'15272370478\',\'fljj102292\',0)', '0/10 * * * * ?', '1', '1', '1', 'admin', '2020-09-23 18:05:04', '', NULL, '');
INSERT INTO `sys_job` VALUES (103, '更新用户信息', 'DEFAULT', 'HrUserTask.updateUserInfo(\'15272370478\')', '0/10 * * * * ?', '1', '1', '1', 'admin', '2020-09-23 18:06:48', '', NULL, '');
COMMIT;

-- ----------------------------
-- Table structure for sys_job_log
-- ----------------------------
DROP TABLE IF EXISTS `sys_job_log`;
CREATE TABLE `sys_job_log` (
  `job_log_id` bigint(20) NOT NULL AUTO_INCREMENT COMMENT '任务日志ID',
  `job_name` varchar(64) NOT NULL COMMENT '任务名称',
  `job_group` varchar(64) NOT NULL COMMENT '任务组名',
  `invoke_target` varchar(500) NOT NULL COMMENT '调用目标字符串',
  `job_message` varchar(500) DEFAULT NULL COMMENT '日志信息',
  `status` char(1) DEFAULT '0' COMMENT '执行状态（0正常 1失败）',
  `exception_info` varchar(2000) DEFAULT '' COMMENT '异常信息',
  `create_time` datetime DEFAULT NULL COMMENT '创建时间',
  PRIMARY KEY (`job_log_id`)
) ENGINE=InnoDB AUTO_INCREMENT=30 DEFAULT CHARSET=utf8mb4 COMMENT='定时任务调度日志表';

-- ----------------------------
-- Records of sys_job_log
-- ----------------------------
BEGIN;
INSERT INTO `sys_job_log` VALUES (1, 'test', 'DEFAULT', 'HrCityTask.getActivityCityInfo(\'2\')', 'test 总共耗时：0毫秒', '0', '', '2020-09-23 11:07:35');
INSERT INTO `sys_job_log` VALUES (2, 'test', 'DEFAULT', 'HrCityTask.getActivityCityInfo(\'2\')', 'test 总共耗时：240毫秒', '0', '', '2020-09-23 11:30:46');
INSERT INTO `sys_job_log` VALUES (3, 'test', 'DEFAULT', 'HrCityTask.getActivityCityInfo(\'2\')', 'test 总共耗时：12毫秒', '1', 'java.lang.reflect.InvocationTargetException\n	at sun.reflect.NativeMethodAccessorImpl.invoke0(Native Method)\n	at sun.reflect.NativeMethodAccessorImpl.invoke(NativeMethodAccessorImpl.java:62)\n	at sun.reflect.DelegatingMethodAccessorImpl.invoke(DelegatingMethodAccessorImpl.java:43)\n	at java.lang.reflect.Method.invoke(Method.java:498)\n	at com.ruoyi.quartz.util.JobInvokeUtil.invokeMethod(JobInvokeUtil.java:56)\n	at com.ruoyi.quartz.util.JobInvokeUtil.invokeMethod(JobInvokeUtil.java:33)\n	at com.ruoyi.quartz.util.QuartzDisallowConcurrentExecution.doExecute(QuartzDisallowConcurrentExecution.java:19)\n	at com.ruoyi.quartz.util.AbstractQuartzJob.execute(AbstractQuartzJob.java:43)\n	at org.quartz.core.JobRunShell.run(JobRunShell.java:202)\n	at org.quartz.simpl.SimpleThreadPool$WorkerThread.run(SimpleThreadPool.java:573)\nCaused by: java.lang.IllegalArgumentException: method GET must not have a request body.\n	at okhttp3.Request$Builder.method(Request.java:236)\n	at com.ruoyi.quartz.task.HrCityTask.getActivityCityInfo(HrCityTask.java:31)\n	... 10 more\n', '2020-09-23 11:32:30');
INSERT INTO `sys_job_log` VALUES (4, 'test', 'DEFAULT', 'HrCityTask.getActivityCityInfo(\'2\')', 'test 总共耗时：13毫秒', '1', 'java.lang.reflect.InvocationTargetException\n	at sun.reflect.NativeMethodAccessorImpl.invoke0(Native Method)\n	at sun.reflect.NativeMethodAccessorImpl.invoke(NativeMethodAccessorImpl.java:62)\n	at sun.reflect.DelegatingMethodAccessorImpl.invoke(DelegatingMethodAccessorImpl.java:43)\n	at java.lang.reflect.Method.invoke(Method.java:498)\n	at com.ruoyi.quartz.util.JobInvokeUtil.invokeMethod(JobInvokeUtil.java:56)\n	at com.ruoyi.quartz.util.JobInvokeUtil.invokeMethod(JobInvokeUtil.java:33)\n	at com.ruoyi.quartz.util.QuartzDisallowConcurrentExecution.doExecute(QuartzDisallowConcurrentExecution.java:19)\n	at com.ruoyi.quartz.util.AbstractQuartzJob.execute(AbstractQuartzJob.java:43)\n	at org.quartz.core.JobRunShell.run(JobRunShell.java:202)\n	at org.quartz.simpl.SimpleThreadPool$WorkerThread.run(SimpleThreadPool.java:573)\nCaused by: java.lang.IllegalArgumentException: method GET must not have a request body.\n	at okhttp3.Request$Builder.method(Request.java:236)\n	at com.ruoyi.quartz.task.HrCityTask.getActivityCityInfo(HrCityTask.java:32)\n	... 10 more\n', '2020-09-23 11:41:23');
INSERT INTO `sys_job_log` VALUES (5, 'test', 'DEFAULT', 'HrCityTask.getActivityCityInfo(\'2\')', 'test 总共耗时：1165毫秒', '0', '', '2020-09-23 11:43:38');
INSERT INTO `sys_job_log` VALUES (6, 'test', 'DEFAULT', 'HrCityTask.getActivityCityInfo(\'2\')', 'test 总共耗时：1164毫秒', '0', '', '2020-09-23 11:55:47');
INSERT INTO `sys_job_log` VALUES (7, 'test', 'DEFAULT', 'HrCityTask.getActivityCityInfo(\'2\')', 'test 总共耗时：28毫秒', '0', '', '2020-09-23 11:55:59');
INSERT INTO `sys_job_log` VALUES (8, 'test', 'DEFAULT', 'HrCityTask.getActivityCityInfo(\'2\')', 'test 总共耗时：29毫秒', '0', '', '2020-09-23 11:56:19');
INSERT INTO `sys_job_log` VALUES (9, 'test', 'DEFAULT', 'HrCityTask.getActivityCityInfo(\'2\')', 'test 总共耗时：138942毫秒', '0', '', '2020-09-23 12:02:50');
INSERT INTO `sys_job_log` VALUES (10, 'test', 'DEFAULT', 'HrCityTask.getActivityCityInfo(\'2\')', 'test 总共耗时：1158毫秒', '0', '', '2020-09-23 13:16:26');
INSERT INTO `sys_job_log` VALUES (11, 'test', 'DEFAULT', 'HrCityTask.getActivityCityInfo(\'2\')', 'test 总共耗时：456869毫秒', '0', '', '2020-09-23 13:42:01');
INSERT INTO `sys_job_log` VALUES (12, 'test', 'DEFAULT', 'HrCityTask.getActivityCityInfo(\'2\')', 'test 总共耗时：6791毫秒', '0', '', '2020-09-23 13:44:48');
INSERT INTO `sys_job_log` VALUES (13, '获取门店列表', 'DEFAULT', 'HrCityTask.getAllShopsInfo', '获取门店列表 总共耗时：2毫秒', '1', 'java.lang.NoSuchMethodException: com.ruoyi.quartz.task.HrCityTask.getAllShopsInfo()\n	at java.lang.Class.getDeclaredMethod(Class.java:2130)\n	at com.ruoyi.quartz.util.JobInvokeUtil.invokeMethod(JobInvokeUtil.java:60)\n	at com.ruoyi.quartz.util.JobInvokeUtil.invokeMethod(JobInvokeUtil.java:33)\n	at com.ruoyi.quartz.util.QuartzDisallowConcurrentExecution.doExecute(QuartzDisallowConcurrentExecution.java:19)\n	at com.ruoyi.quartz.util.AbstractQuartzJob.execute(AbstractQuartzJob.java:43)\n	at org.quartz.core.JobRunShell.run(JobRunShell.java:202)\n	at org.quartz.simpl.SimpleThreadPool$WorkerThread.run(SimpleThreadPool.java:573)\n', '2020-09-23 14:13:17');
INSERT INTO `sys_job_log` VALUES (14, '获取门店列表', 'DEFAULT', 'HrCityTask.getAllShopsInfo', '获取门店列表 总共耗时：7毫秒', '0', '', '2020-09-23 14:14:19');
INSERT INTO `sys_job_log` VALUES (15, '获取门店列表', 'DEFAULT', 'HrCityTask.getAllShopsInfo(\'2\')', '获取门店列表 总共耗时：228087毫秒', '1', 'java.lang.reflect.InvocationTargetException\n	at sun.reflect.NativeMethodAccessorImpl.invoke0(Native Method)\n	at sun.reflect.NativeMethodAccessorImpl.invoke(NativeMethodAccessorImpl.java:62)\n	at sun.reflect.DelegatingMethodAccessorImpl.invoke(DelegatingMethodAccessorImpl.java:43)\n	at java.lang.reflect.Method.invoke(Method.java:498)\n	at com.ruoyi.quartz.util.JobInvokeUtil.invokeMethod(JobInvokeUtil.java:56)\n	at com.ruoyi.quartz.util.JobInvokeUtil.invokeMethod(JobInvokeUtil.java:33)\n	at com.ruoyi.quartz.util.QuartzDisallowConcurrentExecution.doExecute(QuartzDisallowConcurrentExecution.java:19)\n	at com.ruoyi.quartz.util.AbstractQuartzJob.execute(AbstractQuartzJob.java:43)\n	at org.quartz.core.JobRunShell.run(JobRunShell.java:202)\n	at org.quartz.simpl.SimpleThreadPool$WorkerThread.run(SimpleThreadPool.java:573)\nCaused by: com.alibaba.fastjson.JSONException: parseLong error, field : latitude\n	at com.alibaba.fastjson.serializer.LongCodec.deserialze(LongCodec.java:86)\n	at com.alibaba.fastjson.parser.deserializer.DefaultFieldDeserializer.parseField(DefaultFieldDeserializer.java:86)\n	at com.alibaba.fastjson.parser.deserializer.JavaBeanDeserializer.parseField(JavaBeanDeserializer.java:1277)\n	at com.alibaba.fastjson.parser.deserializer.JavaBeanDeserializer.deserialze(JavaBeanDeserializer.java:892)\n	at com.alibaba.fastjson.parser.deserializer.JavaBeanDeserializer.parseRest(JavaBeanDeserializer.java:1613)\n	at com.alibaba.fastjson.parser.deserializer.FastjsonASMDeserializer_4_HrShop.deserialze(Unknown Source)\n	at com.alibaba.fastjson.parser.deserializer.JavaBeanDeserializer.deserialze(JavaBeanDeserializer.java:296)\n	at com.alibaba.fastjson.parser.DefaultJSONParser.parseArray(DefaultJSONParser.java:781)\n	at com.alibaba.fastjson.serializer.ObjectArrayCodec.deserialze(ObjectArrayCodec.java:183)\n	at com.alibaba.fastjson.parser.deserializer.DefaultFieldDeserializer.parseField(DefaultFieldDeserializer.java:86)\n	at com.alibaba.fastjson.parser.deserializer.JavaBeanDeserializer.deserialze(J', '2020-09-23 14:35:04');
INSERT INTO `sys_job_log` VALUES (16, '获取门店列表', 'DEFAULT', 'HrCityTask.getAllShopsInfo(\'2\')', '获取门店列表 总共耗时：231445毫秒', '1', 'java.lang.reflect.InvocationTargetException\n	at sun.reflect.NativeMethodAccessorImpl.invoke0(Native Method)\n	at sun.reflect.NativeMethodAccessorImpl.invoke(NativeMethodAccessorImpl.java:62)\n	at sun.reflect.DelegatingMethodAccessorImpl.invoke(DelegatingMethodAccessorImpl.java:43)\n	at java.lang.reflect.Method.invoke(Method.java:498)\n	at com.ruoyi.quartz.util.JobInvokeUtil.invokeMethod(JobInvokeUtil.java:56)\n	at com.ruoyi.quartz.util.JobInvokeUtil.invokeMethod(JobInvokeUtil.java:33)\n	at com.ruoyi.quartz.util.QuartzDisallowConcurrentExecution.doExecute(QuartzDisallowConcurrentExecution.java:19)\n	at com.ruoyi.quartz.util.AbstractQuartzJob.execute(AbstractQuartzJob.java:43)\n	at org.quartz.core.JobRunShell.run(JobRunShell.java:202)\n	at org.quartz.simpl.SimpleThreadPool$WorkerThread.run(SimpleThreadPool.java:573)\nCaused by: java.lang.ClassCastException: com.alibaba.fastjson.JSONArray cannot be cast to [Lcom.ruoyi.quartz.domain.HrShop;\n	at com.ruoyi.quartz.task.HrCityTask.getAllShopsInfo(HrCityTask.java:81)\n	... 10 more\n', '2020-09-23 14:39:47');
INSERT INTO `sys_job_log` VALUES (17, '获取门店列表', 'DEFAULT', 'HrCityTask.getAllShopsInfo(\'2\')', '获取门店列表 总共耗时：169811毫秒', '1', 'java.lang.reflect.InvocationTargetException\n	at sun.reflect.NativeMethodAccessorImpl.invoke0(Native Method)\n	at sun.reflect.NativeMethodAccessorImpl.invoke(NativeMethodAccessorImpl.java:62)\n	at sun.reflect.DelegatingMethodAccessorImpl.invoke(DelegatingMethodAccessorImpl.java:43)\n	at java.lang.reflect.Method.invoke(Method.java:498)\n	at com.ruoyi.quartz.util.JobInvokeUtil.invokeMethod(JobInvokeUtil.java:56)\n	at com.ruoyi.quartz.util.JobInvokeUtil.invokeMethod(JobInvokeUtil.java:33)\n	at com.ruoyi.quartz.util.QuartzDisallowConcurrentExecution.doExecute(QuartzDisallowConcurrentExecution.java:19)\n	at com.ruoyi.quartz.util.AbstractQuartzJob.execute(AbstractQuartzJob.java:43)\n	at org.quartz.core.JobRunShell.run(JobRunShell.java:202)\n	at org.quartz.simpl.SimpleThreadPool$WorkerThread.run(SimpleThreadPool.java:573)\nCaused by: com.alibaba.fastjson.JSONException: parseLong error, field : latitude\n	at com.alibaba.fastjson.serializer.LongCodec.deserialze(LongCodec.java:86)\n	at com.alibaba.fastjson.parser.deserializer.DefaultFieldDeserializer.parseField(DefaultFieldDeserializer.java:86)\n	at com.alibaba.fastjson.parser.deserializer.JavaBeanDeserializer.parseField(JavaBeanDeserializer.java:1277)\n	at com.alibaba.fastjson.parser.deserializer.JavaBeanDeserializer.deserialze(JavaBeanDeserializer.java:892)\n	at com.alibaba.fastjson.parser.deserializer.JavaBeanDeserializer.parseRest(JavaBeanDeserializer.java:1613)\n	at com.alibaba.fastjson.parser.deserializer.FastjsonASMDeserializer_4_HrShop.deserialze(Unknown Source)\n	at com.alibaba.fastjson.parser.deserializer.JavaBeanDeserializer.deserialze(JavaBeanDeserializer.java:296)\n	at com.alibaba.fastjson.parser.DefaultJSONParser.parseArray(DefaultJSONParser.java:781)\n	at com.alibaba.fastjson.serializer.ObjectArrayCodec.deserialze(ObjectArrayCodec.java:183)\n	at com.alibaba.fastjson.parser.DefaultJSONParser.parseObject(DefaultJSONParser.java:694)\n	at com.alibaba.fastjson.JSON.parseObject(JSON.java:395)\n	at com.alibaba.fastjson.JSON.parseObject(JSON', '2020-09-23 14:43:33');
INSERT INTO `sys_job_log` VALUES (18, '获取门店列表', 'DEFAULT', 'HrCityTask.getAllShopsInfo(\'2\')', '获取门店列表 总共耗时：18750毫秒', '1', 'java.lang.reflect.InvocationTargetException\n	at sun.reflect.NativeMethodAccessorImpl.invoke0(Native Method)\n	at sun.reflect.NativeMethodAccessorImpl.invoke(NativeMethodAccessorImpl.java:62)\n	at sun.reflect.DelegatingMethodAccessorImpl.invoke(DelegatingMethodAccessorImpl.java:43)\n	at java.lang.reflect.Method.invoke(Method.java:498)\n	at com.ruoyi.quartz.util.JobInvokeUtil.invokeMethod(JobInvokeUtil.java:56)\n	at com.ruoyi.quartz.util.JobInvokeUtil.invokeMethod(JobInvokeUtil.java:33)\n	at com.ruoyi.quartz.util.QuartzDisallowConcurrentExecution.doExecute(QuartzDisallowConcurrentExecution.java:19)\n	at com.ruoyi.quartz.util.AbstractQuartzJob.execute(AbstractQuartzJob.java:43)\n	at org.quartz.core.JobRunShell.run(JobRunShell.java:202)\n	at org.quartz.simpl.SimpleThreadPool$WorkerThread.run(SimpleThreadPool.java:573)\nCaused by: com.alibaba.fastjson.JSONException: parseLong error, field : latitude\n	at com.alibaba.fastjson.serializer.LongCodec.deserialze(LongCodec.java:86)\n	at com.alibaba.fastjson.parser.deserializer.DefaultFieldDeserializer.parseField(DefaultFieldDeserializer.java:86)\n	at com.alibaba.fastjson.parser.deserializer.JavaBeanDeserializer.parseField(JavaBeanDeserializer.java:1277)\n	at com.alibaba.fastjson.parser.deserializer.JavaBeanDeserializer.deserialze(JavaBeanDeserializer.java:892)\n	at com.alibaba.fastjson.parser.deserializer.JavaBeanDeserializer.parseRest(JavaBeanDeserializer.java:1613)\n	at com.alibaba.fastjson.parser.deserializer.FastjsonASMDeserializer_4_HrShop.deserialze(Unknown Source)\n	at com.alibaba.fastjson.parser.deserializer.JavaBeanDeserializer.deserialze(JavaBeanDeserializer.java:296)\n	at com.alibaba.fastjson.parser.DefaultJSONParser.parseArray(DefaultJSONParser.java:781)\n	at com.alibaba.fastjson.serializer.CollectionCodec.deserialze(CollectionCodec.java:126)\n	at com.alibaba.fastjson.parser.DefaultJSONParser.parseObject(DefaultJSONParser.java:694)\n	at com.alibaba.fastjson.JSON.parseObject(JSON.java:395)\n	at com.alibaba.fastjson.JSON.parseObject(JSON.j', '2020-09-23 14:44:55');
INSERT INTO `sys_job_log` VALUES (19, '获取门店列表', 'DEFAULT', 'HrCityTask.getAllShopsInfo(\'2\')', '获取门店列表 总共耗时：112508毫秒', '1', 'java.lang.reflect.InvocationTargetException\n	at sun.reflect.NativeMethodAccessorImpl.invoke0(Native Method)\n	at sun.reflect.NativeMethodAccessorImpl.invoke(NativeMethodAccessorImpl.java:62)\n	at sun.reflect.DelegatingMethodAccessorImpl.invoke(DelegatingMethodAccessorImpl.java:43)\n	at java.lang.reflect.Method.invoke(Method.java:498)\n	at com.ruoyi.quartz.util.JobInvokeUtil.invokeMethod(JobInvokeUtil.java:56)\n	at com.ruoyi.quartz.util.JobInvokeUtil.invokeMethod(JobInvokeUtil.java:33)\n	at com.ruoyi.quartz.util.QuartzDisallowConcurrentExecution.doExecute(QuartzDisallowConcurrentExecution.java:19)\n	at com.ruoyi.quartz.util.AbstractQuartzJob.execute(AbstractQuartzJob.java:43)\n	at org.quartz.core.JobRunShell.run(JobRunShell.java:202)\n	at org.quartz.simpl.SimpleThreadPool$WorkerThread.run(SimpleThreadPool.java:573)\nCaused by: com.alibaba.fastjson.JSONException: parseLong error, field : latitude\n	at com.alibaba.fastjson.serializer.LongCodec.deserialze(LongCodec.java:86)\n	at com.alibaba.fastjson.parser.deserializer.DefaultFieldDeserializer.parseField(DefaultFieldDeserializer.java:86)\n	at com.alibaba.fastjson.parser.deserializer.JavaBeanDeserializer.parseField(JavaBeanDeserializer.java:1277)\n	at com.alibaba.fastjson.parser.deserializer.JavaBeanDeserializer.deserialze(JavaBeanDeserializer.java:892)\n	at com.alibaba.fastjson.parser.deserializer.JavaBeanDeserializer.parseRest(JavaBeanDeserializer.java:1613)\n	at com.alibaba.fastjson.parser.deserializer.FastjsonASMDeserializer_4_HrShop.deserialze(Unknown Source)\n	at com.alibaba.fastjson.parser.deserializer.JavaBeanDeserializer.deserialze(JavaBeanDeserializer.java:296)\n	at com.alibaba.fastjson.parser.DefaultJSONParser.parseArray(DefaultJSONParser.java:781)\n	at com.alibaba.fastjson.parser.DefaultJSONParser.parseArray(DefaultJSONParser.java:715)\n	at com.alibaba.fastjson.parser.DefaultJSONParser.parseArray(DefaultJSONParser.java:710)\n	at com.alibaba.fastjson.JSON.parseArray(JSON.java:627)\n	at com.alibaba.fastjson.JSON.parseArray(JSON.java', '2020-09-23 14:49:23');
INSERT INTO `sys_job_log` VALUES (20, '获取门店列表', 'DEFAULT', 'HrCityTask.getAllShopsInfo(\'2\')', '获取门店列表 总共耗时：140025毫秒', '1', 'java.lang.reflect.InvocationTargetException\n	at sun.reflect.NativeMethodAccessorImpl.invoke0(Native Method)\n	at sun.reflect.NativeMethodAccessorImpl.invoke(NativeMethodAccessorImpl.java:62)\n	at sun.reflect.DelegatingMethodAccessorImpl.invoke(DelegatingMethodAccessorImpl.java:43)\n	at java.lang.reflect.Method.invoke(Method.java:498)\n	at com.ruoyi.quartz.util.JobInvokeUtil.invokeMethod(JobInvokeUtil.java:56)\n	at com.ruoyi.quartz.util.JobInvokeUtil.invokeMethod(JobInvokeUtil.java:33)\n	at com.ruoyi.quartz.util.QuartzDisallowConcurrentExecution.doExecute(QuartzDisallowConcurrentExecution.java:19)\n	at com.ruoyi.quartz.util.AbstractQuartzJob.execute(AbstractQuartzJob.java:43)\n	at org.quartz.core.JobRunShell.run(JobRunShell.java:202)\n	at org.quartz.simpl.SimpleThreadPool$WorkerThread.run(SimpleThreadPool.java:573)\nCaused by: com.alibaba.fastjson.JSONException: parseLong error, field : latitude\n	at com.alibaba.fastjson.serializer.LongCodec.deserialze(LongCodec.java:86)\n	at com.alibaba.fastjson.parser.deserializer.DefaultFieldDeserializer.parseField(DefaultFieldDeserializer.java:86)\n	at com.alibaba.fastjson.parser.deserializer.JavaBeanDeserializer.parseField(JavaBeanDeserializer.java:1277)\n	at com.alibaba.fastjson.parser.deserializer.JavaBeanDeserializer.deserialze(JavaBeanDeserializer.java:892)\n	at com.alibaba.fastjson.parser.deserializer.JavaBeanDeserializer.parseRest(JavaBeanDeserializer.java:1613)\n	at com.alibaba.fastjson.parser.deserializer.FastjsonASMDeserializer_4_HrShop.deserialze(Unknown Source)\n	at com.alibaba.fastjson.parser.deserializer.JavaBeanDeserializer.deserialze(JavaBeanDeserializer.java:296)\n	at com.alibaba.fastjson.parser.DefaultJSONParser.parseArray(DefaultJSONParser.java:781)\n	at com.alibaba.fastjson.parser.DefaultJSONParser.parseArray(DefaultJSONParser.java:715)\n	at com.alibaba.fastjson.parser.DefaultJSONParser.parseArray(DefaultJSONParser.java:710)\n	at com.alibaba.fastjson.JSON.parseArray(JSON.java:627)\n	at com.alibaba.fastjson.JSON.parseArray(JSON.java', '2020-09-23 14:52:47');
INSERT INTO `sys_job_log` VALUES (21, '获取门店列表', 'DEFAULT', 'HrCityTask.getAllShopsInfo(\'2\')', '获取门店列表 总共耗时：21233毫秒', '1', 'java.lang.reflect.InvocationTargetException\n	at sun.reflect.NativeMethodAccessorImpl.invoke0(Native Method)\n	at sun.reflect.NativeMethodAccessorImpl.invoke(NativeMethodAccessorImpl.java:62)\n	at sun.reflect.DelegatingMethodAccessorImpl.invoke(DelegatingMethodAccessorImpl.java:43)\n	at java.lang.reflect.Method.invoke(Method.java:498)\n	at com.ruoyi.quartz.util.JobInvokeUtil.invokeMethod(JobInvokeUtil.java:56)\n	at com.ruoyi.quartz.util.JobInvokeUtil.invokeMethod(JobInvokeUtil.java:33)\n	at com.ruoyi.quartz.util.QuartzDisallowConcurrentExecution.doExecute(QuartzDisallowConcurrentExecution.java:19)\n	at com.ruoyi.quartz.util.AbstractQuartzJob.execute(AbstractQuartzJob.java:43)\n	at org.quartz.core.JobRunShell.run(JobRunShell.java:202)\n	at org.quartz.simpl.SimpleThreadPool$WorkerThread.run(SimpleThreadPool.java:573)\nCaused by: org.springframework.dao.DataIntegrityViolationException: \n### Error updating database.  Cause: com.mysql.cj.jdbc.exceptions.MysqlDataTruncation: Data truncation: Data too long for column \'end_time\' at row 1\n### The error may involve com.ruoyi.quartz.mapper.HrShopMapper.insertHrShop-Inline\n### The error occurred while setting parameters\n### SQL: insert into hr_shop          ( city_id,             city_name,             code,             distance,             end_time,             latitude,             longitude,             ps_id,             sale_count,             start_time,             store_name,             stores_address )           values ( ?,             ?,             ?,             ?,             ?,             ?,             ?,             ?,             ?,             ?,             ?,             ? )\n### Cause: com.mysql.cj.jdbc.exceptions.MysqlDataTruncation: Data truncation: Data too long for column \'end_time\' at row 1\n; Data truncation: Data too long for column \'end_time\' at row 1; nested exception is com.mysql.cj.jdbc.exceptions.MysqlDataTruncation: Data truncation: Data too long for column \'end_time\' at row 1\n	at org.springframework.jdb', '2020-09-23 14:59:46');
INSERT INTO `sys_job_log` VALUES (22, '获取门店列表', 'DEFAULT', 'HrCityTask.getAllShopsInfo(\'2\')', '获取门店列表 总共耗时：49毫秒', '1', 'java.lang.reflect.InvocationTargetException\n	at sun.reflect.NativeMethodAccessorImpl.invoke0(Native Method)\n	at sun.reflect.NativeMethodAccessorImpl.invoke(NativeMethodAccessorImpl.java:62)\n	at sun.reflect.DelegatingMethodAccessorImpl.invoke(DelegatingMethodAccessorImpl.java:43)\n	at java.lang.reflect.Method.invoke(Method.java:498)\n	at com.ruoyi.quartz.util.JobInvokeUtil.invokeMethod(JobInvokeUtil.java:56)\n	at com.ruoyi.quartz.util.JobInvokeUtil.invokeMethod(JobInvokeUtil.java:33)\n	at com.ruoyi.quartz.util.QuartzDisallowConcurrentExecution.doExecute(QuartzDisallowConcurrentExecution.java:19)\n	at com.ruoyi.quartz.util.AbstractQuartzJob.execute(AbstractQuartzJob.java:43)\n	at org.quartz.core.JobRunShell.run(JobRunShell.java:202)\n	at org.quartz.simpl.SimpleThreadPool$WorkerThread.run(SimpleThreadPool.java:573)\nCaused by: org.springframework.dao.DuplicateKeyException: \n### Error updating database.  Cause: java.sql.SQLIntegrityConstraintViolationException: Duplicate entry \'630\' for key \'PRIMARY\'\n### The error may involve com.ruoyi.quartz.mapper.HrShopMapper.insertHrShop-Inline\n### The error occurred while setting parameters\n### SQL: insert into hr_shop          ( city_id,             city_name,             code,             distance,             end_time,             latitude,             longitude,             ps_id,             sale_count,             start_time,             store_name,             stores_address )           values ( ?,             ?,             ?,             ?,             ?,             ?,             ?,             ?,             ?,             ?,             ?,             ? )\n### Cause: java.sql.SQLIntegrityConstraintViolationException: Duplicate entry \'630\' for key \'PRIMARY\'\n; Duplicate entry \'630\' for key \'PRIMARY\'; nested exception is java.sql.SQLIntegrityConstraintViolationException: Duplicate entry \'630\' for key \'PRIMARY\'\n	at org.springframework.jdbc.support.SQLErrorCodeSQLExceptionTranslator.doTranslate(SQLErrorCodeSQLExceptionTranslator.jav', '2020-09-23 15:01:04');
INSERT INTO `sys_job_log` VALUES (23, '获取门店列表', 'DEFAULT', 'HrCityTask.getAllShopsInfo(\'2\')', '获取门店列表 总共耗时：1201毫秒', '1', 'java.lang.reflect.InvocationTargetException\n	at sun.reflect.NativeMethodAccessorImpl.invoke0(Native Method)\n	at sun.reflect.NativeMethodAccessorImpl.invoke(NativeMethodAccessorImpl.java:62)\n	at sun.reflect.DelegatingMethodAccessorImpl.invoke(DelegatingMethodAccessorImpl.java:43)\n	at java.lang.reflect.Method.invoke(Method.java:498)\n	at com.ruoyi.quartz.util.JobInvokeUtil.invokeMethod(JobInvokeUtil.java:56)\n	at com.ruoyi.quartz.util.JobInvokeUtil.invokeMethod(JobInvokeUtil.java:33)\n	at com.ruoyi.quartz.util.QuartzDisallowConcurrentExecution.doExecute(QuartzDisallowConcurrentExecution.java:19)\n	at com.ruoyi.quartz.util.AbstractQuartzJob.execute(AbstractQuartzJob.java:43)\n	at org.quartz.core.JobRunShell.run(JobRunShell.java:202)\n	at org.quartz.simpl.SimpleThreadPool$WorkerThread.run(SimpleThreadPool.java:573)\nCaused by: com.alibaba.fastjson.JSONException: parseLong error, field : latitude\n	at com.alibaba.fastjson.serializer.LongCodec.deserialze(LongCodec.java:86)\n	at com.alibaba.fastjson.parser.deserializer.DefaultFieldDeserializer.parseField(DefaultFieldDeserializer.java:86)\n	at com.alibaba.fastjson.parser.deserializer.JavaBeanDeserializer.parseField(JavaBeanDeserializer.java:1277)\n	at com.alibaba.fastjson.parser.deserializer.JavaBeanDeserializer.deserialze(JavaBeanDeserializer.java:892)\n	at com.alibaba.fastjson.parser.deserializer.JavaBeanDeserializer.parseRest(JavaBeanDeserializer.java:1613)\n	at com.alibaba.fastjson.parser.deserializer.FastjsonASMDeserializer_12_HrShop.deserialze(Unknown Source)\n	at com.alibaba.fastjson.parser.deserializer.JavaBeanDeserializer.deserialze(JavaBeanDeserializer.java:296)\n	at com.alibaba.fastjson.parser.deserializer.ArrayListTypeFieldDeserializer.parseArray(ArrayListTypeFieldDeserializer.java:181)\n	at com.alibaba.fastjson.parser.deserializer.ArrayListTypeFieldDeserializer.parseField(ArrayListTypeFieldDeserializer.java:69)\n	at com.alibaba.fastjson.parser.deserializer.JavaBeanDeserializer.deserialze(JavaBeanDeserializer.java:857)\n	at com.a', '2020-09-23 15:19:11');
INSERT INTO `sys_job_log` VALUES (24, '获取门店列表', 'DEFAULT', 'HrCityTask.getAllShopsInfo(\'2\')', '获取门店列表 总共耗时：2854毫秒', '0', '', '2020-09-23 15:21:57');
INSERT INTO `sys_job_log` VALUES (25, '添加用户', 'DEFAULT', 'HrUserTask.insertUserInfo(\'15272370478\',\'fljj102292\',0)', '添加用户 总共耗时：7毫秒', '0', '', '2020-09-23 18:05:45');
INSERT INTO `sys_job_log` VALUES (26, '更新用户信息', 'DEFAULT', 'HrUserTask.updateUserInfo(\'15272370478\')', '更新用户信息 总共耗时：18毫秒', '1', 'java.lang.reflect.InvocationTargetException\n	at sun.reflect.NativeMethodAccessorImpl.invoke0(Native Method)\n	at sun.reflect.NativeMethodAccessorImpl.invoke(NativeMethodAccessorImpl.java:62)\n	at sun.reflect.DelegatingMethodAccessorImpl.invoke(DelegatingMethodAccessorImpl.java:43)\n	at java.lang.reflect.Method.invoke(Method.java:498)\n	at com.ruoyi.quartz.util.JobInvokeUtil.invokeMethod(JobInvokeUtil.java:56)\n	at com.ruoyi.quartz.util.JobInvokeUtil.invokeMethod(JobInvokeUtil.java:33)\n	at com.ruoyi.quartz.util.QuartzDisallowConcurrentExecution.doExecute(QuartzDisallowConcurrentExecution.java:19)\n	at com.ruoyi.quartz.util.AbstractQuartzJob.execute(AbstractQuartzJob.java:43)\n	at org.quartz.core.JobRunShell.run(JobRunShell.java:202)\n	at org.quartz.simpl.SimpleThreadPool$WorkerThread.run(SimpleThreadPool.java:573)\nCaused by: java.lang.IllegalArgumentException: method POST must have a request body.\n	at okhttp3.Request$Builder.method(Request.java:239)\n	at okhttp3.Request$Builder.post(Request.java:213)\n	at com.ruoyi.quartz.task.HrUserTask.updateUserInfo(HrUserTask.java:72)\n	... 10 more\n', '2020-09-23 18:06:52');
INSERT INTO `sys_job_log` VALUES (27, '更新用户信息', 'DEFAULT', 'HrUserTask.updateUserInfo(\'15272370478\')', '更新用户信息 总共耗时：217毫秒', '1', 'java.lang.reflect.InvocationTargetException\n	at sun.reflect.NativeMethodAccessorImpl.invoke0(Native Method)\n	at sun.reflect.NativeMethodAccessorImpl.invoke(NativeMethodAccessorImpl.java:62)\n	at sun.reflect.DelegatingMethodAccessorImpl.invoke(DelegatingMethodAccessorImpl.java:43)\n	at java.lang.reflect.Method.invoke(Method.java:498)\n	at com.ruoyi.quartz.util.JobInvokeUtil.invokeMethod(JobInvokeUtil.java:56)\n	at com.ruoyi.quartz.util.JobInvokeUtil.invokeMethod(JobInvokeUtil.java:33)\n	at com.ruoyi.quartz.util.QuartzDisallowConcurrentExecution.doExecute(QuartzDisallowConcurrentExecution.java:19)\n	at com.ruoyi.quartz.util.AbstractQuartzJob.execute(AbstractQuartzJob.java:43)\n	at org.quartz.core.JobRunShell.run(JobRunShell.java:202)\n	at org.quartz.simpl.SimpleThreadPool$WorkerThread.run(SimpleThreadPool.java:573)\nCaused by: com.alibaba.fastjson.JSONException: syntax error,except start with { or [,but actually start with error\n	at com.alibaba.fastjson.parser.DefaultJSONParser.parseObject(DefaultJSONParser.java:690)\n	at com.alibaba.fastjson.JSON.parseObject(JSON.java:395)\n	at com.alibaba.fastjson.JSON.parseObject(JSON.java:363)\n	at com.alibaba.fastjson.JSON.parseObject(JSON.java:277)\n	at com.ruoyi.quartz.task.HrUserTask.updateUserInfo(HrUserTask.java:74)\n	... 10 more\n', '2020-09-23 18:14:54');
INSERT INTO `sys_job_log` VALUES (28, '更新用户信息', 'DEFAULT', 'HrUserTask.updateUserInfo(\'15272370478\')', '更新用户信息 总共耗时：50454毫秒', '1', 'java.lang.reflect.InvocationTargetException\n	at sun.reflect.NativeMethodAccessorImpl.invoke0(Native Method)\n	at sun.reflect.NativeMethodAccessorImpl.invoke(NativeMethodAccessorImpl.java:62)\n	at sun.reflect.DelegatingMethodAccessorImpl.invoke(DelegatingMethodAccessorImpl.java:43)\n	at java.lang.reflect.Method.invoke(Method.java:498)\n	at com.ruoyi.quartz.util.JobInvokeUtil.invokeMethod(JobInvokeUtil.java:56)\n	at com.ruoyi.quartz.util.JobInvokeUtil.invokeMethod(JobInvokeUtil.java:33)\n	at com.ruoyi.quartz.util.QuartzDisallowConcurrentExecution.doExecute(QuartzDisallowConcurrentExecution.java:19)\n	at com.ruoyi.quartz.util.AbstractQuartzJob.execute(AbstractQuartzJob.java:43)\n	at org.quartz.core.JobRunShell.run(JobRunShell.java:202)\n	at org.quartz.simpl.SimpleThreadPool$WorkerThread.run(SimpleThreadPool.java:573)\nCaused by: java.lang.IllegalArgumentException: method POST must have a request body.\n	at okhttp3.Request$Builder.method(Request.java:239)\n	at okhttp3.Request$Builder.post(Request.java:213)\n	at com.ruoyi.quartz.task.HrUserTask.updateUserInfo(HrUserTask.java:78)\n	... 10 more\n', '2020-09-23 18:16:27');
INSERT INTO `sys_job_log` VALUES (29, '更新用户信息', 'DEFAULT', 'HrUserTask.updateUserInfo(\'15272370478\')', '更新用户信息 总共耗时：79825毫秒', '0', '', '2020-09-23 18:18:40');
COMMIT;

-- ----------------------------
-- Table structure for sys_logininfor
-- ----------------------------
DROP TABLE IF EXISTS `sys_logininfor`;
CREATE TABLE `sys_logininfor` (
  `info_id` bigint(20) NOT NULL AUTO_INCREMENT COMMENT '访问ID',
  `user_name` varchar(50) DEFAULT '' COMMENT '用户账号',
  `ipaddr` varchar(50) DEFAULT '' COMMENT '登录IP地址',
  `login_location` varchar(255) DEFAULT '' COMMENT '登录地点',
  `browser` varchar(50) DEFAULT '' COMMENT '浏览器类型',
  `os` varchar(50) DEFAULT '' COMMENT '操作系统',
  `status` char(1) DEFAULT '0' COMMENT '登录状态（0成功 1失败）',
  `msg` varchar(255) DEFAULT '' COMMENT '提示消息',
  `login_time` datetime DEFAULT NULL COMMENT '访问时间',
  PRIMARY KEY (`info_id`)
) ENGINE=InnoDB AUTO_INCREMENT=106 DEFAULT CHARSET=utf8mb4 COMMENT='系统访问记录';

-- ----------------------------
-- Records of sys_logininfor
-- ----------------------------
BEGIN;
INSERT INTO `sys_logininfor` VALUES (100, 'admin', '127.0.0.1', '内网IP', 'Chrome 8', 'Mac OS X', '1', '验证码错误', '2020-09-23 13:16:07');
INSERT INTO `sys_logininfor` VALUES (101, 'admin', '127.0.0.1', '内网IP', 'Chrome 8', 'Mac OS X', '0', '登录成功', '2020-09-23 13:16:14');
INSERT INTO `sys_logininfor` VALUES (102, 'admin', '127.0.0.1', '内网IP', 'Chrome 8', 'Mac OS X', '0', '登录成功', '2020-09-23 16:42:04');
INSERT INTO `sys_logininfor` VALUES (103, 'admin', '127.0.0.1', '内网IP', 'Chrome 8', 'Mac OS X', '1', '验证码错误', '2020-09-23 17:12:24');
INSERT INTO `sys_logininfor` VALUES (104, 'admin', '127.0.0.1', '内网IP', 'Chrome 8', 'Mac OS X', '0', '登录成功', '2020-09-23 17:12:29');
INSERT INTO `sys_logininfor` VALUES (105, 'admin', '127.0.0.1', '内网IP', 'Chrome 8', 'Mac OS X', '0', '登录成功', '2020-09-23 18:01:13');
COMMIT;

-- ----------------------------
-- Table structure for sys_menu
-- ----------------------------
DROP TABLE IF EXISTS `sys_menu`;
CREATE TABLE `sys_menu` (
  `menu_id` bigint(20) NOT NULL AUTO_INCREMENT COMMENT '菜单ID',
  `menu_name` varchar(50) NOT NULL COMMENT '菜单名称',
  `parent_id` bigint(20) DEFAULT '0' COMMENT '父菜单ID',
  `order_num` int(4) DEFAULT '0' COMMENT '显示顺序',
  `path` varchar(200) DEFAULT '' COMMENT '路由地址',
  `component` varchar(255) DEFAULT NULL COMMENT '组件路径',
  `is_frame` int(1) DEFAULT '1' COMMENT '是否为外链（0是 1否）',
  `is_cache` int(1) DEFAULT '0' COMMENT '是否缓存（0缓存 1不缓存）',
  `menu_type` char(1) DEFAULT '' COMMENT '菜单类型（M目录 C菜单 F按钮）',
  `visible` char(1) DEFAULT '0' COMMENT '菜单状态（0显示 1隐藏）',
  `status` char(1) DEFAULT '0' COMMENT '菜单状态（0正常 1停用）',
  `perms` varchar(100) DEFAULT NULL COMMENT '权限标识',
  `icon` varchar(100) DEFAULT '#' COMMENT '菜单图标',
  `create_by` varchar(64) DEFAULT '' COMMENT '创建者',
  `create_time` datetime DEFAULT NULL COMMENT '创建时间',
  `update_by` varchar(64) DEFAULT '' COMMENT '更新者',
  `update_time` datetime DEFAULT NULL COMMENT '更新时间',
  `remark` varchar(500) DEFAULT '' COMMENT '备注',
  PRIMARY KEY (`menu_id`)
) ENGINE=InnoDB AUTO_INCREMENT=2000 DEFAULT CHARSET=utf8mb4 COMMENT='菜单权限表';

-- ----------------------------
-- Records of sys_menu
-- ----------------------------
BEGIN;
INSERT INTO `sys_menu` VALUES (1, '系统管理', 0, 1, 'system', NULL, 1, 0, 'M', '0', '0', '', 'system', 'admin', '2018-03-16 11:33:00', 'ry', '2018-03-16 11:33:00', '系统管理目录');
INSERT INTO `sys_menu` VALUES (2, '系统监控', 0, 2, 'monitor', NULL, 1, 0, 'M', '0', '0', '', 'monitor', 'admin', '2018-03-16 11:33:00', 'ry', '2018-03-16 11:33:00', '系统监控目录');
INSERT INTO `sys_menu` VALUES (3, '系统工具', 0, 3, 'tool', NULL, 1, 0, 'M', '0', '0', '', 'tool', 'admin', '2018-03-16 11:33:00', 'ry', '2018-03-16 11:33:00', '系统工具目录');
INSERT INTO `sys_menu` VALUES (4, '若依官网', 0, 4, 'http://ruoyi.vip', NULL, 0, 0, 'M', '0', '0', '', 'guide', 'admin', '2018-03-16 11:33:00', 'ry', '2018-03-16 11:33:00', '若依官网地址');
INSERT INTO `sys_menu` VALUES (100, '用户管理', 1, 1, 'user', 'system/user/index', 1, 0, 'C', '0', '0', 'system:user:list', 'user', 'admin', '2018-03-16 11:33:00', 'ry', '2018-03-16 11:33:00', '用户管理菜单');
INSERT INTO `sys_menu` VALUES (101, '角色管理', 1, 2, 'role', 'system/role/index', 1, 0, 'C', '0', '0', 'system:role:list', 'peoples', 'admin', '2018-03-16 11:33:00', 'ry', '2018-03-16 11:33:00', '角色管理菜单');
INSERT INTO `sys_menu` VALUES (102, '菜单管理', 1, 3, 'menu', 'system/menu/index', 1, 0, 'C', '0', '0', 'system:menu:list', 'tree-table', 'admin', '2018-03-16 11:33:00', 'ry', '2018-03-16 11:33:00', '菜单管理菜单');
INSERT INTO `sys_menu` VALUES (103, '部门管理', 1, 4, 'dept', 'system/dept/index', 1, 0, 'C', '0', '0', 'system:dept:list', 'tree', 'admin', '2018-03-16 11:33:00', 'ry', '2018-03-16 11:33:00', '部门管理菜单');
INSERT INTO `sys_menu` VALUES (104, '岗位管理', 1, 5, 'post', 'system/post/index', 1, 0, 'C', '0', '0', 'system:post:list', 'post', 'admin', '2018-03-16 11:33:00', 'ry', '2018-03-16 11:33:00', '岗位管理菜单');
INSERT INTO `sys_menu` VALUES (105, '字典管理', 1, 6, 'dict', 'system/dict/index', 1, 0, 'C', '0', '0', 'system:dict:list', 'dict', 'admin', '2018-03-16 11:33:00', 'ry', '2018-03-16 11:33:00', '字典管理菜单');
INSERT INTO `sys_menu` VALUES (106, '参数设置', 1, 7, 'config', 'system/config/index', 1, 0, 'C', '0', '0', 'system:config:list', 'edit', 'admin', '2018-03-16 11:33:00', 'ry', '2018-03-16 11:33:00', '参数设置菜单');
INSERT INTO `sys_menu` VALUES (107, '通知公告', 1, 8, 'notice', 'system/notice/index', 1, 0, 'C', '0', '0', 'system:notice:list', 'message', 'admin', '2018-03-16 11:33:00', 'ry', '2018-03-16 11:33:00', '通知公告菜单');
INSERT INTO `sys_menu` VALUES (108, '日志管理', 1, 9, 'log', 'system/log/index', 1, 0, 'M', '0', '0', '', 'log', 'admin', '2018-03-16 11:33:00', 'ry', '2018-03-16 11:33:00', '日志管理菜单');
INSERT INTO `sys_menu` VALUES (109, '在线用户', 2, 1, 'online', 'monitor/online/index', 1, 0, 'C', '0', '0', 'monitor:online:list', 'online', 'admin', '2018-03-16 11:33:00', 'ry', '2018-03-16 11:33:00', '在线用户菜单');
INSERT INTO `sys_menu` VALUES (110, '定时任务', 2, 2, 'job', 'monitor/job/index', 1, 0, 'C', '0', '0', 'monitor:job:list', 'job', 'admin', '2018-03-16 11:33:00', 'ry', '2018-03-16 11:33:00', '定时任务菜单');
INSERT INTO `sys_menu` VALUES (111, '数据监控', 2, 3, 'druid', 'monitor/druid/index', 1, 0, 'C', '0', '0', 'monitor:druid:list', 'druid', 'admin', '2018-03-16 11:33:00', 'ry', '2018-03-16 11:33:00', '数据监控菜单');
INSERT INTO `sys_menu` VALUES (112, '服务监控', 2, 4, 'server', 'monitor/server/index', 1, 0, 'C', '0', '0', 'monitor:server:list', 'server', 'admin', '2018-03-16 11:33:00', 'ry', '2018-03-16 11:33:00', '服务监控菜单');
INSERT INTO `sys_menu` VALUES (113, '表单构建', 3, 1, 'build', 'tool/build/index', 1, 0, 'C', '0', '0', 'tool:build:list', 'build', 'admin', '2018-03-16 11:33:00', 'ry', '2018-03-16 11:33:00', '表单构建菜单');
INSERT INTO `sys_menu` VALUES (114, '代码生成', 3, 2, 'gen', 'tool/gen/index', 1, 0, 'C', '0', '0', 'tool:gen:list', 'code', 'admin', '2018-03-16 11:33:00', 'ry', '2018-03-16 11:33:00', '代码生成菜单');
INSERT INTO `sys_menu` VALUES (115, '系统接口', 3, 3, 'swagger', 'tool/swagger/index', 1, 0, 'C', '0', '0', 'tool:swagger:list', 'swagger', 'admin', '2018-03-16 11:33:00', 'ry', '2018-03-16 11:33:00', '系统接口菜单');
INSERT INTO `sys_menu` VALUES (500, '操作日志', 108, 1, 'operlog', 'monitor/operlog/index', 1, 0, 'C', '0', '0', 'monitor:operlog:list', 'form', 'admin', '2018-03-16 11:33:00', 'ry', '2018-03-16 11:33:00', '操作日志菜单');
INSERT INTO `sys_menu` VALUES (501, '登录日志', 108, 2, 'logininfor', 'monitor/logininfor/index', 1, 0, 'C', '0', '0', 'monitor:logininfor:list', 'logininfor', 'admin', '2018-03-16 11:33:00', 'ry', '2018-03-16 11:33:00', '登录日志菜单');
INSERT INTO `sys_menu` VALUES (1001, '用户查询', 100, 1, '', '', 1, 0, 'F', '0', '0', 'system:user:query', '#', 'admin', '2018-03-16 11:33:00', 'ry', '2018-03-16 11:33:00', '');
INSERT INTO `sys_menu` VALUES (1002, '用户新增', 100, 2, '', '', 1, 0, 'F', '0', '0', 'system:user:add', '#', 'admin', '2018-03-16 11:33:00', 'ry', '2018-03-16 11:33:00', '');
INSERT INTO `sys_menu` VALUES (1003, '用户修改', 100, 3, '', '', 1, 0, 'F', '0', '0', 'system:user:edit', '#', 'admin', '2018-03-16 11:33:00', 'ry', '2018-03-16 11:33:00', '');
INSERT INTO `sys_menu` VALUES (1004, '用户删除', 100, 4, '', '', 1, 0, 'F', '0', '0', 'system:user:remove', '#', 'admin', '2018-03-16 11:33:00', 'ry', '2018-03-16 11:33:00', '');
INSERT INTO `sys_menu` VALUES (1005, '用户导出', 100, 5, '', '', 1, 0, 'F', '0', '0', 'system:user:export', '#', 'admin', '2018-03-16 11:33:00', 'ry', '2018-03-16 11:33:00', '');
INSERT INTO `sys_menu` VALUES (1006, '用户导入', 100, 6, '', '', 1, 0, 'F', '0', '0', 'system:user:import', '#', 'admin', '2018-03-16 11:33:00', 'ry', '2018-03-16 11:33:00', '');
INSERT INTO `sys_menu` VALUES (1007, '重置密码', 100, 7, '', '', 1, 0, 'F', '0', '0', 'system:user:resetPwd', '#', 'admin', '2018-03-16 11:33:00', 'ry', '2018-03-16 11:33:00', '');
INSERT INTO `sys_menu` VALUES (1008, '角色查询', 101, 1, '', '', 1, 0, 'F', '0', '0', 'system:role:query', '#', 'admin', '2018-03-16 11:33:00', 'ry', '2018-03-16 11:33:00', '');
INSERT INTO `sys_menu` VALUES (1009, '角色新增', 101, 2, '', '', 1, 0, 'F', '0', '0', 'system:role:add', '#', 'admin', '2018-03-16 11:33:00', 'ry', '2018-03-16 11:33:00', '');
INSERT INTO `sys_menu` VALUES (1010, '角色修改', 101, 3, '', '', 1, 0, 'F', '0', '0', 'system:role:edit', '#', 'admin', '2018-03-16 11:33:00', 'ry', '2018-03-16 11:33:00', '');
INSERT INTO `sys_menu` VALUES (1011, '角色删除', 101, 4, '', '', 1, 0, 'F', '0', '0', 'system:role:remove', '#', 'admin', '2018-03-16 11:33:00', 'ry', '2018-03-16 11:33:00', '');
INSERT INTO `sys_menu` VALUES (1012, '角色导出', 101, 5, '', '', 1, 0, 'F', '0', '0', 'system:role:export', '#', 'admin', '2018-03-16 11:33:00', 'ry', '2018-03-16 11:33:00', '');
INSERT INTO `sys_menu` VALUES (1013, '菜单查询', 102, 1, '', '', 1, 0, 'F', '0', '0', 'system:menu:query', '#', 'admin', '2018-03-16 11:33:00', 'ry', '2018-03-16 11:33:00', '');
INSERT INTO `sys_menu` VALUES (1014, '菜单新增', 102, 2, '', '', 1, 0, 'F', '0', '0', 'system:menu:add', '#', 'admin', '2018-03-16 11:33:00', 'ry', '2018-03-16 11:33:00', '');
INSERT INTO `sys_menu` VALUES (1015, '菜单修改', 102, 3, '', '', 1, 0, 'F', '0', '0', 'system:menu:edit', '#', 'admin', '2018-03-16 11:33:00', 'ry', '2018-03-16 11:33:00', '');
INSERT INTO `sys_menu` VALUES (1016, '菜单删除', 102, 4, '', '', 1, 0, 'F', '0', '0', 'system:menu:remove', '#', 'admin', '2018-03-16 11:33:00', 'ry', '2018-03-16 11:33:00', '');
INSERT INTO `sys_menu` VALUES (1017, '部门查询', 103, 1, '', '', 1, 0, 'F', '0', '0', 'system:dept:query', '#', 'admin', '2018-03-16 11:33:00', 'ry', '2018-03-16 11:33:00', '');
INSERT INTO `sys_menu` VALUES (1018, '部门新增', 103, 2, '', '', 1, 0, 'F', '0', '0', 'system:dept:add', '#', 'admin', '2018-03-16 11:33:00', 'ry', '2018-03-16 11:33:00', '');
INSERT INTO `sys_menu` VALUES (1019, '部门修改', 103, 3, '', '', 1, 0, 'F', '0', '0', 'system:dept:edit', '#', 'admin', '2018-03-16 11:33:00', 'ry', '2018-03-16 11:33:00', '');
INSERT INTO `sys_menu` VALUES (1020, '部门删除', 103, 4, '', '', 1, 0, 'F', '0', '0', 'system:dept:remove', '#', 'admin', '2018-03-16 11:33:00', 'ry', '2018-03-16 11:33:00', '');
INSERT INTO `sys_menu` VALUES (1021, '岗位查询', 104, 1, '', '', 1, 0, 'F', '0', '0', 'system:post:query', '#', 'admin', '2018-03-16 11:33:00', 'ry', '2018-03-16 11:33:00', '');
INSERT INTO `sys_menu` VALUES (1022, '岗位新增', 104, 2, '', '', 1, 0, 'F', '0', '0', 'system:post:add', '#', 'admin', '2018-03-16 11:33:00', 'ry', '2018-03-16 11:33:00', '');
INSERT INTO `sys_menu` VALUES (1023, '岗位修改', 104, 3, '', '', 1, 0, 'F', '0', '0', 'system:post:edit', '#', 'admin', '2018-03-16 11:33:00', 'ry', '2018-03-16 11:33:00', '');
INSERT INTO `sys_menu` VALUES (1024, '岗位删除', 104, 4, '', '', 1, 0, 'F', '0', '0', 'system:post:remove', '#', 'admin', '2018-03-16 11:33:00', 'ry', '2018-03-16 11:33:00', '');
INSERT INTO `sys_menu` VALUES (1025, '岗位导出', 104, 5, '', '', 1, 0, 'F', '0', '0', 'system:post:export', '#', 'admin', '2018-03-16 11:33:00', 'ry', '2018-03-16 11:33:00', '');
INSERT INTO `sys_menu` VALUES (1026, '字典查询', 105, 1, '#', '', 1, 0, 'F', '0', '0', 'system:dict:query', '#', 'admin', '2018-03-16 11:33:00', 'ry', '2018-03-16 11:33:00', '');
INSERT INTO `sys_menu` VALUES (1027, '字典新增', 105, 2, '#', '', 1, 0, 'F', '0', '0', 'system:dict:add', '#', 'admin', '2018-03-16 11:33:00', 'ry', '2018-03-16 11:33:00', '');
INSERT INTO `sys_menu` VALUES (1028, '字典修改', 105, 3, '#', '', 1, 0, 'F', '0', '0', 'system:dict:edit', '#', 'admin', '2018-03-16 11:33:00', 'ry', '2018-03-16 11:33:00', '');
INSERT INTO `sys_menu` VALUES (1029, '字典删除', 105, 4, '#', '', 1, 0, 'F', '0', '0', 'system:dict:remove', '#', 'admin', '2018-03-16 11:33:00', 'ry', '2018-03-16 11:33:00', '');
INSERT INTO `sys_menu` VALUES (1030, '字典导出', 105, 5, '#', '', 1, 0, 'F', '0', '0', 'system:dict:export', '#', 'admin', '2018-03-16 11:33:00', 'ry', '2018-03-16 11:33:00', '');
INSERT INTO `sys_menu` VALUES (1031, '参数查询', 106, 1, '#', '', 1, 0, 'F', '0', '0', 'system:config:query', '#', 'admin', '2018-03-16 11:33:00', 'ry', '2018-03-16 11:33:00', '');
INSERT INTO `sys_menu` VALUES (1032, '参数新增', 106, 2, '#', '', 1, 0, 'F', '0', '0', 'system:config:add', '#', 'admin', '2018-03-16 11:33:00', 'ry', '2018-03-16 11:33:00', '');
INSERT INTO `sys_menu` VALUES (1033, '参数修改', 106, 3, '#', '', 1, 0, 'F', '0', '0', 'system:config:edit', '#', 'admin', '2018-03-16 11:33:00', 'ry', '2018-03-16 11:33:00', '');
INSERT INTO `sys_menu` VALUES (1034, '参数删除', 106, 4, '#', '', 1, 0, 'F', '0', '0', 'system:config:remove', '#', 'admin', '2018-03-16 11:33:00', 'ry', '2018-03-16 11:33:00', '');
INSERT INTO `sys_menu` VALUES (1035, '参数导出', 106, 5, '#', '', 1, 0, 'F', '0', '0', 'system:config:export', '#', 'admin', '2018-03-16 11:33:00', 'ry', '2018-03-16 11:33:00', '');
INSERT INTO `sys_menu` VALUES (1036, '公告查询', 107, 1, '#', '', 1, 0, 'F', '0', '0', 'system:notice:query', '#', 'admin', '2018-03-16 11:33:00', 'ry', '2018-03-16 11:33:00', '');
INSERT INTO `sys_menu` VALUES (1037, '公告新增', 107, 2, '#', '', 1, 0, 'F', '0', '0', 'system:notice:add', '#', 'admin', '2018-03-16 11:33:00', 'ry', '2018-03-16 11:33:00', '');
INSERT INTO `sys_menu` VALUES (1038, '公告修改', 107, 3, '#', '', 1, 0, 'F', '0', '0', 'system:notice:edit', '#', 'admin', '2018-03-16 11:33:00', 'ry', '2018-03-16 11:33:00', '');
INSERT INTO `sys_menu` VALUES (1039, '公告删除', 107, 4, '#', '', 1, 0, 'F', '0', '0', 'system:notice:remove', '#', 'admin', '2018-03-16 11:33:00', 'ry', '2018-03-16 11:33:00', '');
INSERT INTO `sys_menu` VALUES (1040, '操作查询', 500, 1, '#', '', 1, 0, 'F', '0', '0', 'monitor:operlog:query', '#', 'admin', '2018-03-16 11:33:00', 'ry', '2018-03-16 11:33:00', '');
INSERT INTO `sys_menu` VALUES (1041, '操作删除', 500, 2, '#', '', 1, 0, 'F', '0', '0', 'monitor:operlog:remove', '#', 'admin', '2018-03-16 11:33:00', 'ry', '2018-03-16 11:33:00', '');
INSERT INTO `sys_menu` VALUES (1042, '日志导出', 500, 4, '#', '', 1, 0, 'F', '0', '0', 'monitor:operlog:export', '#', 'admin', '2018-03-16 11:33:00', 'ry', '2018-03-16 11:33:00', '');
INSERT INTO `sys_menu` VALUES (1043, '登录查询', 501, 1, '#', '', 1, 0, 'F', '0', '0', 'monitor:logininfor:query', '#', 'admin', '2018-03-16 11:33:00', 'ry', '2018-03-16 11:33:00', '');
INSERT INTO `sys_menu` VALUES (1044, '登录删除', 501, 2, '#', '', 1, 0, 'F', '0', '0', 'monitor:logininfor:remove', '#', 'admin', '2018-03-16 11:33:00', 'ry', '2018-03-16 11:33:00', '');
INSERT INTO `sys_menu` VALUES (1045, '日志导出', 501, 3, '#', '', 1, 0, 'F', '0', '0', 'monitor:logininfor:export', '#', 'admin', '2018-03-16 11:33:00', 'ry', '2018-03-16 11:33:00', '');
INSERT INTO `sys_menu` VALUES (1046, '在线查询', 109, 1, '#', '', 1, 0, 'F', '0', '0', 'monitor:online:query', '#', 'admin', '2018-03-16 11:33:00', 'ry', '2018-03-16 11:33:00', '');
INSERT INTO `sys_menu` VALUES (1047, '批量强退', 109, 2, '#', '', 1, 0, 'F', '0', '0', 'monitor:online:batchLogout', '#', 'admin', '2018-03-16 11:33:00', 'ry', '2018-03-16 11:33:00', '');
INSERT INTO `sys_menu` VALUES (1048, '单条强退', 109, 3, '#', '', 1, 0, 'F', '0', '0', 'monitor:online:forceLogout', '#', 'admin', '2018-03-16 11:33:00', 'ry', '2018-03-16 11:33:00', '');
INSERT INTO `sys_menu` VALUES (1049, '任务查询', 110, 1, '#', '', 1, 0, 'F', '0', '0', 'monitor:job:query', '#', 'admin', '2018-03-16 11:33:00', 'ry', '2018-03-16 11:33:00', '');
INSERT INTO `sys_menu` VALUES (1050, '任务新增', 110, 2, '#', '', 1, 0, 'F', '0', '0', 'monitor:job:add', '#', 'admin', '2018-03-16 11:33:00', 'ry', '2018-03-16 11:33:00', '');
INSERT INTO `sys_menu` VALUES (1051, '任务修改', 110, 3, '#', '', 1, 0, 'F', '0', '0', 'monitor:job:edit', '#', 'admin', '2018-03-16 11:33:00', 'ry', '2018-03-16 11:33:00', '');
INSERT INTO `sys_menu` VALUES (1052, '任务删除', 110, 4, '#', '', 1, 0, 'F', '0', '0', 'monitor:job:remove', '#', 'admin', '2018-03-16 11:33:00', 'ry', '2018-03-16 11:33:00', '');
INSERT INTO `sys_menu` VALUES (1053, '状态修改', 110, 5, '#', '', 1, 0, 'F', '0', '0', 'monitor:job:changeStatus', '#', 'admin', '2018-03-16 11:33:00', 'ry', '2018-03-16 11:33:00', '');
INSERT INTO `sys_menu` VALUES (1054, '任务导出', 110, 7, '#', '', 1, 0, 'F', '0', '0', 'monitor:job:export', '#', 'admin', '2018-03-16 11:33:00', 'ry', '2018-03-16 11:33:00', '');
INSERT INTO `sys_menu` VALUES (1055, '生成查询', 114, 1, '#', '', 1, 0, 'F', '0', '0', 'tool:gen:query', '#', 'admin', '2018-03-16 11:33:00', 'ry', '2018-03-16 11:33:00', '');
INSERT INTO `sys_menu` VALUES (1056, '生成修改', 114, 2, '#', '', 1, 0, 'F', '0', '0', 'tool:gen:edit', '#', 'admin', '2018-03-16 11:33:00', 'ry', '2018-03-16 11:33:00', '');
INSERT INTO `sys_menu` VALUES (1057, '生成删除', 114, 3, '#', '', 1, 0, 'F', '0', '0', 'tool:gen:remove', '#', 'admin', '2018-03-16 11:33:00', 'ry', '2018-03-16 11:33:00', '');
INSERT INTO `sys_menu` VALUES (1058, '导入代码', 114, 2, '#', '', 1, 0, 'F', '0', '0', 'tool:gen:import', '#', 'admin', '2018-03-16 11:33:00', 'ry', '2018-03-16 11:33:00', '');
INSERT INTO `sys_menu` VALUES (1059, '预览代码', 114, 4, '#', '', 1, 0, 'F', '0', '0', 'tool:gen:preview', '#', 'admin', '2018-03-16 11:33:00', 'ry', '2018-03-16 11:33:00', '');
INSERT INTO `sys_menu` VALUES (1060, '生成代码', 114, 5, '#', '', 1, 0, 'F', '0', '0', 'tool:gen:code', '#', 'admin', '2018-03-16 11:33:00', 'ry', '2018-03-16 11:33:00', '');
COMMIT;

-- ----------------------------
-- Table structure for sys_notice
-- ----------------------------
DROP TABLE IF EXISTS `sys_notice`;
CREATE TABLE `sys_notice` (
  `notice_id` int(4) NOT NULL AUTO_INCREMENT COMMENT '公告ID',
  `notice_title` varchar(50) NOT NULL COMMENT '公告标题',
  `notice_type` char(1) NOT NULL COMMENT '公告类型（1通知 2公告）',
  `notice_content` longblob COMMENT '公告内容',
  `status` char(1) DEFAULT '0' COMMENT '公告状态（0正常 1关闭）',
  `create_by` varchar(64) DEFAULT '' COMMENT '创建者',
  `create_time` datetime DEFAULT NULL COMMENT '创建时间',
  `update_by` varchar(64) DEFAULT '' COMMENT '更新者',
  `update_time` datetime DEFAULT NULL COMMENT '更新时间',
  `remark` varchar(255) DEFAULT NULL COMMENT '备注',
  PRIMARY KEY (`notice_id`)
) ENGINE=InnoDB AUTO_INCREMENT=10 DEFAULT CHARSET=utf8mb4 COMMENT='通知公告表';

-- ----------------------------
-- Records of sys_notice
-- ----------------------------
BEGIN;
INSERT INTO `sys_notice` VALUES (1, '温馨提醒：2018-07-01 若依新版本发布啦', '2', 0xE696B0E78988E69CACE58685E5AEB9, '0', 'admin', '2018-03-16 11:33:00', 'ry', '2018-03-16 11:33:00', '管理员');
INSERT INTO `sys_notice` VALUES (2, '维护通知：2018-07-01 若依系统凌晨维护', '1', 0xE7BBB4E68AA4E58685E5AEB9, '0', 'admin', '2018-03-16 11:33:00', 'ry', '2018-03-16 11:33:00', '管理员');
COMMIT;

-- ----------------------------
-- Table structure for sys_oper_log
-- ----------------------------
DROP TABLE IF EXISTS `sys_oper_log`;
CREATE TABLE `sys_oper_log` (
  `oper_id` bigint(20) NOT NULL AUTO_INCREMENT COMMENT '日志主键',
  `title` varchar(50) DEFAULT '' COMMENT '模块标题',
  `business_type` int(2) DEFAULT '0' COMMENT '业务类型（0其它 1新增 2修改 3删除）',
  `method` varchar(100) DEFAULT '' COMMENT '方法名称',
  `request_method` varchar(10) DEFAULT '' COMMENT '请求方式',
  `operator_type` int(1) DEFAULT '0' COMMENT '操作类别（0其它 1后台用户 2手机端用户）',
  `oper_name` varchar(50) DEFAULT '' COMMENT '操作人员',
  `dept_name` varchar(50) DEFAULT '' COMMENT '部门名称',
  `oper_url` varchar(255) DEFAULT '' COMMENT '请求URL',
  `oper_ip` varchar(50) DEFAULT '' COMMENT '主机地址',
  `oper_location` varchar(255) DEFAULT '' COMMENT '操作地点',
  `oper_param` varchar(2000) DEFAULT '' COMMENT '请求参数',
  `json_result` varchar(2000) DEFAULT '' COMMENT '返回参数',
  `status` int(1) DEFAULT '0' COMMENT '操作状态（0正常 1异常）',
  `error_msg` varchar(2000) DEFAULT '' COMMENT '错误消息',
  `oper_time` datetime DEFAULT NULL COMMENT '操作时间',
  PRIMARY KEY (`oper_id`)
) ENGINE=InnoDB AUTO_INCREMENT=150 DEFAULT CHARSET=utf8mb4 COMMENT='操作日志记录';

-- ----------------------------
-- Records of sys_oper_log
-- ----------------------------
BEGIN;
INSERT INTO `sys_oper_log` VALUES (100, '代码生成', 6, 'com.ruoyi.generator.controller.GenController.importTableSave()', 'POST', 1, 'admin', NULL, '/tool/gen/importTable', '127.0.0.1', '内网IP', 'hr_city', '{\"msg\":\"操作成功\",\"code\":200}', 0, NULL, '2020-09-23 10:25:06');
INSERT INTO `sys_oper_log` VALUES (101, '代码生成', 8, 'com.ruoyi.generator.controller.GenController.batchGenCode()', 'GET', 1, 'admin', NULL, '/tool/gen/batchGenCode', '127.0.0.1', '内网IP', '{}', 'null', 0, NULL, '2020-09-23 10:25:09');
INSERT INTO `sys_oper_log` VALUES (102, '定时任务', 1, 'com.ruoyi.quartz.controller.SysJobController.add()', 'POST', 1, 'admin', NULL, '/monitor/job', '127.0.0.1', '内网IP', '{\"jobName\":\"test\",\"concurrent\":\"1\",\"jobGroup\":\"DEFAULT\",\"params\":{},\"cronExpression\":\"0/10 * * * * ?\",\"jobId\":100,\"createBy\":\"admin\",\"nextValidTime\":1600830460000,\"invokeTarget\":\"HrCityTask.getActivityCityInfo(\'2\')\",\"misfirePolicy\":\"1\",\"status\":\"1\"}', '{\"msg\":\"操作成功\",\"code\":200}', 0, NULL, '2020-09-23 11:07:31');
INSERT INTO `sys_oper_log` VALUES (103, '定时任务', 2, 'com.ruoyi.quartz.controller.SysJobController.run()', 'PUT', 1, 'admin', NULL, '/monitor/job/run', '127.0.0.1', '内网IP', '{\"jobGroup\":\"DEFAULT\",\"params\":{},\"jobId\":100,\"misfirePolicy\":\"0\"}', '{\"msg\":\"操作成功\",\"code\":200}', 0, NULL, '2020-09-23 11:07:35');
INSERT INTO `sys_oper_log` VALUES (104, '定时任务', 2, 'com.ruoyi.quartz.controller.SysJobController.run()', 'PUT', 1, 'admin', NULL, '/monitor/job/run', '127.0.0.1', '内网IP', '{\"jobGroup\":\"DEFAULT\",\"params\":{},\"jobId\":100,\"misfirePolicy\":\"0\"}', '{\"msg\":\"操作成功\",\"code\":200}', 0, NULL, '2020-09-23 11:30:46');
INSERT INTO `sys_oper_log` VALUES (105, '定时任务', 2, 'com.ruoyi.quartz.controller.SysJobController.run()', 'PUT', 1, 'admin', NULL, '/monitor/job/run', '127.0.0.1', '内网IP', '{\"jobGroup\":\"DEFAULT\",\"params\":{},\"jobId\":100,\"misfirePolicy\":\"0\"}', '{\"msg\":\"操作成功\",\"code\":200}', 0, NULL, '2020-09-23 11:32:30');
INSERT INTO `sys_oper_log` VALUES (106, '定时任务', 2, 'com.ruoyi.quartz.controller.SysJobController.run()', 'PUT', 1, 'admin', NULL, '/monitor/job/run', '127.0.0.1', '内网IP', '{\"jobGroup\":\"DEFAULT\",\"params\":{},\"jobId\":100,\"misfirePolicy\":\"0\"}', '{\"msg\":\"操作成功\",\"code\":200}', 0, NULL, '2020-09-23 11:41:23');
INSERT INTO `sys_oper_log` VALUES (107, '定时任务', 2, 'com.ruoyi.quartz.controller.SysJobController.run()', 'PUT', 1, 'admin', NULL, '/monitor/job/run', '127.0.0.1', '内网IP', '{\"jobGroup\":\"DEFAULT\",\"params\":{},\"jobId\":100,\"misfirePolicy\":\"0\"}', '{\"msg\":\"操作成功\",\"code\":200}', 0, NULL, '2020-09-23 11:43:36');
INSERT INTO `sys_oper_log` VALUES (108, '定时任务', 2, 'com.ruoyi.quartz.controller.SysJobController.run()', 'PUT', 1, 'admin', NULL, '/monitor/job/run', '127.0.0.1', '内网IP', '{\"jobGroup\":\"DEFAULT\",\"params\":{},\"jobId\":100,\"misfirePolicy\":\"0\"}', '{\"msg\":\"操作成功\",\"code\":200}', 0, NULL, '2020-09-23 11:55:46');
INSERT INTO `sys_oper_log` VALUES (109, '定时任务', 2, 'com.ruoyi.quartz.controller.SysJobController.run()', 'PUT', 1, 'admin', NULL, '/monitor/job/run', '127.0.0.1', '内网IP', '{\"jobGroup\":\"DEFAULT\",\"params\":{},\"jobId\":100,\"misfirePolicy\":\"0\"}', '{\"msg\":\"操作成功\",\"code\":200}', 0, NULL, '2020-09-23 11:55:59');
INSERT INTO `sys_oper_log` VALUES (110, '定时任务', 2, 'com.ruoyi.quartz.controller.SysJobController.run()', 'PUT', 1, 'admin', NULL, '/monitor/job/run', '127.0.0.1', '内网IP', '{\"jobGroup\":\"DEFAULT\",\"params\":{},\"jobId\":100,\"misfirePolicy\":\"0\"}', '{\"msg\":\"操作成功\",\"code\":200}', 0, NULL, '2020-09-23 11:56:19');
INSERT INTO `sys_oper_log` VALUES (111, '定时任务', 2, 'com.ruoyi.quartz.controller.SysJobController.run()', 'PUT', 1, 'admin', NULL, '/monitor/job/run', '127.0.0.1', '内网IP', '{\"jobGroup\":\"DEFAULT\",\"params\":{},\"jobId\":100,\"misfirePolicy\":\"0\"}', '{\"msg\":\"操作成功\",\"code\":200}', 0, NULL, '2020-09-23 12:00:31');
INSERT INTO `sys_oper_log` VALUES (112, '定时任务', 2, 'com.ruoyi.quartz.controller.SysJobController.run()', 'PUT', 1, 'admin', NULL, '/monitor/job/run', '127.0.0.1', '内网IP', '{\"jobGroup\":\"DEFAULT\",\"params\":{},\"jobId\":100,\"misfirePolicy\":\"0\"}', '{\"msg\":\"操作成功\",\"code\":200}', 0, NULL, '2020-09-23 13:16:25');
INSERT INTO `sys_oper_log` VALUES (113, '定时任务', 2, 'com.ruoyi.quartz.controller.SysJobController.run()', 'PUT', 1, 'admin', NULL, '/monitor/job/run', '127.0.0.1', '内网IP', '{\"jobGroup\":\"DEFAULT\",\"params\":{},\"jobId\":100,\"misfirePolicy\":\"0\"}', '{\"msg\":\"操作成功\",\"code\":200}', 0, NULL, '2020-09-23 13:34:24');
INSERT INTO `sys_oper_log` VALUES (114, '定时任务', 2, 'com.ruoyi.quartz.controller.SysJobController.run()', 'PUT', 1, 'admin', NULL, '/monitor/job/run', '127.0.0.1', '内网IP', '{\"jobGroup\":\"DEFAULT\",\"params\":{},\"jobId\":100,\"misfirePolicy\":\"0\"}', '{\"msg\":\"操作成功\",\"code\":200}', 0, NULL, '2020-09-23 13:44:42');
INSERT INTO `sys_oper_log` VALUES (115, '代码生成', 6, 'com.ruoyi.generator.controller.GenController.importTableSave()', 'POST', 1, 'admin', NULL, '/tool/gen/importTable', '127.0.0.1', '内网IP', 'hr_shop', '{\"msg\":\"操作成功\",\"code\":200}', 0, NULL, '2020-09-23 13:59:23');
INSERT INTO `sys_oper_log` VALUES (116, '代码生成', 8, 'com.ruoyi.generator.controller.GenController.batchGenCode()', 'GET', 1, 'admin', NULL, '/tool/gen/batchGenCode', '127.0.0.1', '内网IP', '{}', 'null', 0, NULL, '2020-09-23 13:59:25');
INSERT INTO `sys_oper_log` VALUES (117, '代码生成', 8, 'com.ruoyi.generator.controller.GenController.batchGenCode()', 'GET', 1, 'admin', NULL, '/tool/gen/batchGenCode', '127.0.0.1', '内网IP', '{}', 'null', 0, NULL, '2020-09-23 14:01:04');
INSERT INTO `sys_oper_log` VALUES (118, '定时任务', 1, 'com.ruoyi.quartz.controller.SysJobController.add()', 'POST', 1, 'admin', NULL, '/monitor/job', '127.0.0.1', '内网IP', '{\"jobName\":\"获取门店列表\",\"concurrent\":\"1\",\"jobGroup\":\"DEFAULT\",\"params\":{},\"cronExpression\":\"0/10 * * * * ?\",\"jobId\":101,\"createBy\":\"admin\",\"nextValidTime\":1600841570000,\"invokeTarget\":\"HrCityTask.getAllShopsInfo\",\"misfirePolicy\":\"1\",\"status\":\"1\"}', '{\"msg\":\"操作成功\",\"code\":200}', 0, NULL, '2020-09-23 14:12:45');
INSERT INTO `sys_oper_log` VALUES (119, '定时任务', 2, 'com.ruoyi.quartz.controller.SysJobController.edit()', 'PUT', 1, 'admin', NULL, '/monitor/job', '127.0.0.1', '内网IP', '{\"jobName\":\"获取城市列表\",\"concurrent\":\"1\",\"remark\":\"\",\"jobGroup\":\"DEFAULT\",\"params\":{},\"cronExpression\":\"0/10 * * * * ?\",\"jobId\":100,\"createBy\":\"admin\",\"nextValidTime\":1600841590000,\"createTime\":1600830451000,\"updateBy\":\"admin\",\"invokeTarget\":\"HrCityTask.getActivityCityInfo(\'2\')\",\"misfirePolicy\":\"1\",\"status\":\"1\"}', '{\"msg\":\"操作成功\",\"code\":200}', 0, NULL, '2020-09-23 14:13:06');
INSERT INTO `sys_oper_log` VALUES (120, '定时任务', 2, 'com.ruoyi.quartz.controller.SysJobController.run()', 'PUT', 1, 'admin', NULL, '/monitor/job/run', '127.0.0.1', '内网IP', '{\"jobGroup\":\"DEFAULT\",\"params\":{},\"jobId\":101,\"misfirePolicy\":\"0\"}', '{\"msg\":\"操作成功\",\"code\":200}', 0, NULL, '2020-09-23 14:13:17');
INSERT INTO `sys_oper_log` VALUES (121, '定时任务', 2, 'com.ruoyi.quartz.controller.SysJobController.run()', 'PUT', 1, 'admin', NULL, '/monitor/job/run', '127.0.0.1', '内网IP', '{\"jobGroup\":\"DEFAULT\",\"params\":{},\"jobId\":101,\"misfirePolicy\":\"0\"}', '{\"msg\":\"操作成功\",\"code\":200}', 0, NULL, '2020-09-23 14:14:19');
INSERT INTO `sys_oper_log` VALUES (122, '定时任务', 2, 'com.ruoyi.quartz.controller.SysJobController.edit()', 'PUT', 1, 'admin', NULL, '/monitor/job', '127.0.0.1', '内网IP', '{\"jobName\":\"获取门店列表\",\"concurrent\":\"1\",\"remark\":\"\",\"jobGroup\":\"DEFAULT\",\"params\":{},\"cronExpression\":\"0/10 * * * * ?\",\"jobId\":101,\"createBy\":\"admin\",\"nextValidTime\":1600842630000,\"createTime\":1600841565000,\"updateBy\":\"admin\",\"invokeTarget\":\"HrCityTask.getAllShopsInfo(\'2\')\",\"misfirePolicy\":\"1\",\"status\":\"1\"}', '{\"msg\":\"操作成功\",\"code\":200}', 0, NULL, '2020-09-23 14:30:25');
INSERT INTO `sys_oper_log` VALUES (123, '定时任务', 2, 'com.ruoyi.quartz.controller.SysJobController.run()', 'PUT', 1, 'admin', NULL, '/monitor/job/run', '127.0.0.1', '内网IP', '{\"jobGroup\":\"DEFAULT\",\"params\":{},\"jobId\":101,\"misfirePolicy\":\"0\"}', '{\"msg\":\"操作成功\",\"code\":200}', 0, NULL, '2020-09-23 14:31:15');
INSERT INTO `sys_oper_log` VALUES (124, '定时任务', 2, 'com.ruoyi.quartz.controller.SysJobController.run()', 'PUT', 1, 'admin', NULL, '/monitor/job/run', '127.0.0.1', '内网IP', '{\"jobGroup\":\"DEFAULT\",\"params\":{},\"jobId\":101,\"misfirePolicy\":\"0\"}', '{\"msg\":\"操作成功\",\"code\":200}', 0, NULL, '2020-09-23 14:35:55');
INSERT INTO `sys_oper_log` VALUES (125, '定时任务', 2, 'com.ruoyi.quartz.controller.SysJobController.run()', 'PUT', 1, 'admin', NULL, '/monitor/job/run', '127.0.0.1', '内网IP', '{\"jobGroup\":\"DEFAULT\",\"params\":{},\"jobId\":101,\"misfirePolicy\":\"0\"}', '{\"msg\":\"操作成功\",\"code\":200}', 0, NULL, '2020-09-23 14:40:43');
INSERT INTO `sys_oper_log` VALUES (126, '定时任务', 2, 'com.ruoyi.quartz.controller.SysJobController.run()', 'PUT', 1, 'admin', NULL, '/monitor/job/run', '127.0.0.1', '内网IP', '{\"jobGroup\":\"DEFAULT\",\"params\":{},\"jobId\":101,\"misfirePolicy\":\"0\"}', '{\"msg\":\"操作成功\",\"code\":200}', 0, NULL, '2020-09-23 14:44:37');
INSERT INTO `sys_oper_log` VALUES (127, '定时任务', 2, 'com.ruoyi.quartz.controller.SysJobController.run()', 'PUT', 1, 'admin', NULL, '/monitor/job/run', '127.0.0.1', '内网IP', '{\"jobGroup\":\"DEFAULT\",\"params\":{},\"jobId\":101,\"misfirePolicy\":\"0\"}', '{\"msg\":\"操作成功\",\"code\":200}', 0, NULL, '2020-09-23 14:47:30');
INSERT INTO `sys_oper_log` VALUES (128, '定时任务', 2, 'com.ruoyi.quartz.controller.SysJobController.run()', 'PUT', 1, 'admin', NULL, '/monitor/job/run', '127.0.0.1', '内网IP', '{\"jobGroup\":\"DEFAULT\",\"params\":{},\"jobId\":101,\"misfirePolicy\":\"0\"}', '{\"msg\":\"操作成功\",\"code\":200}', 0, NULL, '2020-09-23 14:50:27');
INSERT INTO `sys_oper_log` VALUES (129, '定时任务', 2, 'com.ruoyi.quartz.controller.SysJobController.run()', 'PUT', 1, 'admin', NULL, '/monitor/job/run', '127.0.0.1', '内网IP', '{\"jobGroup\":\"DEFAULT\",\"params\":{},\"jobId\":101,\"misfirePolicy\":\"0\"}', '{\"msg\":\"操作成功\",\"code\":200}', 0, NULL, '2020-09-23 14:53:38');
INSERT INTO `sys_oper_log` VALUES (130, '定时任务', 2, 'com.ruoyi.quartz.controller.SysJobController.run()', 'PUT', 1, 'admin', NULL, '/monitor/job/run', '127.0.0.1', '内网IP', '{\"jobGroup\":\"DEFAULT\",\"params\":{},\"jobId\":101,\"misfirePolicy\":\"0\"}', '{\"msg\":\"操作成功\",\"code\":200}', 0, NULL, '2020-09-23 14:59:25');
INSERT INTO `sys_oper_log` VALUES (131, '定时任务', 2, 'com.ruoyi.quartz.controller.SysJobController.run()', 'PUT', 1, 'admin', NULL, '/monitor/job/run', '127.0.0.1', '内网IP', '{\"jobGroup\":\"DEFAULT\",\"params\":{},\"jobId\":101,\"misfirePolicy\":\"0\"}', '{\"msg\":\"操作成功\",\"code\":200}', 0, NULL, '2020-09-23 15:01:04');
INSERT INTO `sys_oper_log` VALUES (132, '代码生成', 3, 'com.ruoyi.generator.controller.GenController.remove()', 'DELETE', 1, 'admin', NULL, '/tool/gen/2,1', '127.0.0.1', '内网IP', '{tableIds=2,1}', '{\"msg\":\"操作成功\",\"code\":200}', 0, NULL, '2020-09-23 15:02:51');
INSERT INTO `sys_oper_log` VALUES (133, '代码生成', 6, 'com.ruoyi.generator.controller.GenController.importTableSave()', 'POST', 1, 'admin', NULL, '/tool/gen/importTable', '127.0.0.1', '内网IP', 'hr_shop', '{\"msg\":\"操作成功\",\"code\":200}', 0, NULL, '2020-09-23 15:02:56');
INSERT INTO `sys_oper_log` VALUES (134, '代码生成', 8, 'com.ruoyi.generator.controller.GenController.batchGenCode()', 'GET', 1, 'admin', NULL, '/tool/gen/batchGenCode', '127.0.0.1', '内网IP', '{}', 'null', 0, NULL, '2020-09-23 15:02:58');
INSERT INTO `sys_oper_log` VALUES (135, '代码生成', 3, 'com.ruoyi.generator.controller.GenController.remove()', 'DELETE', 1, 'admin', NULL, '/tool/gen/3', '127.0.0.1', '内网IP', '{tableIds=3}', '{\"msg\":\"操作成功\",\"code\":200}', 0, NULL, '2020-09-23 15:12:38');
INSERT INTO `sys_oper_log` VALUES (136, '代码生成', 6, 'com.ruoyi.generator.controller.GenController.importTableSave()', 'POST', 1, 'admin', NULL, '/tool/gen/importTable', '127.0.0.1', '内网IP', 'hr_shop', '{\"msg\":\"操作成功\",\"code\":200}', 0, NULL, '2020-09-23 15:12:45');
INSERT INTO `sys_oper_log` VALUES (137, '代码生成', 8, 'com.ruoyi.generator.controller.GenController.batchGenCode()', 'GET', 1, 'admin', NULL, '/tool/gen/batchGenCode', '127.0.0.1', '内网IP', '{}', 'null', 0, NULL, '2020-09-23 15:12:56');
INSERT INTO `sys_oper_log` VALUES (138, '定时任务', 2, 'com.ruoyi.quartz.controller.SysJobController.run()', 'PUT', 1, 'admin', NULL, '/monitor/job/run', '127.0.0.1', '内网IP', '{\"jobGroup\":\"DEFAULT\",\"params\":{},\"jobId\":101,\"misfirePolicy\":\"0\"}', '{\"msg\":\"操作成功\",\"code\":200}', 0, NULL, '2020-09-23 15:19:10');
INSERT INTO `sys_oper_log` VALUES (139, '定时任务', 2, 'com.ruoyi.quartz.controller.SysJobController.run()', 'PUT', 1, 'admin', NULL, '/monitor/job/run', '127.0.0.1', '内网IP', '{\"jobGroup\":\"DEFAULT\",\"params\":{},\"jobId\":101,\"misfirePolicy\":\"0\"}', '{\"msg\":\"操作成功\",\"code\":200}', 0, NULL, '2020-09-23 15:21:54');
INSERT INTO `sys_oper_log` VALUES (140, '代码生成', 6, 'com.ruoyi.generator.controller.GenController.importTableSave()', 'POST', 1, 'admin', NULL, '/tool/gen/importTable', '127.0.0.1', '内网IP', 'hr_user', '{\"msg\":\"操作成功\",\"code\":200}', 0, NULL, '2020-09-23 16:42:43');
INSERT INTO `sys_oper_log` VALUES (141, '代码生成', 8, 'com.ruoyi.generator.controller.GenController.batchGenCode()', 'GET', 1, 'admin', NULL, '/tool/gen/batchGenCode', '127.0.0.1', '内网IP', '{}', 'null', 0, NULL, '2020-09-23 16:42:50');
INSERT INTO `sys_oper_log` VALUES (142, '代码生成', 8, 'com.ruoyi.generator.controller.GenController.batchGenCode()', 'GET', 1, 'admin', NULL, '/tool/gen/batchGenCode', '127.0.0.1', '内网IP', '{}', 'null', 0, NULL, '2020-09-23 16:44:36');
INSERT INTO `sys_oper_log` VALUES (143, '定时任务', 1, 'com.ruoyi.quartz.controller.SysJobController.add()', 'POST', 1, 'admin', NULL, '/monitor/job', '127.0.0.1', '内网IP', '{\"jobName\":\"添加用户\",\"concurrent\":\"1\",\"jobGroup\":\"DEFAULT\",\"params\":{},\"cronExpression\":\"0/10 * * * * ?\",\"jobId\":102,\"createBy\":\"admin\",\"nextValidTime\":1600855510000,\"invokeTarget\":\"HrUserTask.insertUserInfo(\'15272370478\',\'fljj102292\',0)\",\"misfirePolicy\":\"1\",\"status\":\"1\"}', '{\"msg\":\"操作成功\",\"code\":200}', 0, NULL, '2020-09-23 18:05:04');
INSERT INTO `sys_oper_log` VALUES (144, '定时任务', 2, 'com.ruoyi.quartz.controller.SysJobController.run()', 'PUT', 1, 'admin', NULL, '/monitor/job/run', '127.0.0.1', '内网IP', '{\"jobGroup\":\"DEFAULT\",\"params\":{},\"jobId\":102,\"misfirePolicy\":\"0\"}', '{\"msg\":\"操作成功\",\"code\":200}', 0, NULL, '2020-09-23 18:05:45');
INSERT INTO `sys_oper_log` VALUES (145, '定时任务', 1, 'com.ruoyi.quartz.controller.SysJobController.add()', 'POST', 1, 'admin', NULL, '/monitor/job', '127.0.0.1', '内网IP', '{\"jobName\":\"更新用户信息\",\"concurrent\":\"1\",\"jobGroup\":\"DEFAULT\",\"params\":{},\"cronExpression\":\"0/10 * * * * ?\",\"jobId\":103,\"createBy\":\"admin\",\"nextValidTime\":1600855610000,\"invokeTarget\":\"HrUserTask.updateUserInfo(\'15272370478\')\",\"misfirePolicy\":\"1\",\"status\":\"1\"}', '{\"msg\":\"操作成功\",\"code\":200}', 0, NULL, '2020-09-23 18:06:48');
INSERT INTO `sys_oper_log` VALUES (146, '定时任务', 2, 'com.ruoyi.quartz.controller.SysJobController.run()', 'PUT', 1, 'admin', NULL, '/monitor/job/run', '127.0.0.1', '内网IP', '{\"jobGroup\":\"DEFAULT\",\"params\":{},\"jobId\":103,\"misfirePolicy\":\"0\"}', '{\"msg\":\"操作成功\",\"code\":200}', 0, NULL, '2020-09-23 18:06:52');
INSERT INTO `sys_oper_log` VALUES (147, '定时任务', 2, 'com.ruoyi.quartz.controller.SysJobController.run()', 'PUT', 1, 'admin', NULL, '/monitor/job/run', '127.0.0.1', '内网IP', '{\"jobGroup\":\"DEFAULT\",\"params\":{},\"jobId\":103,\"misfirePolicy\":\"0\"}', '{\"msg\":\"操作成功\",\"code\":200}', 0, NULL, '2020-09-23 18:14:54');
INSERT INTO `sys_oper_log` VALUES (148, '定时任务', 2, 'com.ruoyi.quartz.controller.SysJobController.run()', 'PUT', 1, 'admin', NULL, '/monitor/job/run', '127.0.0.1', '内网IP', '{\"jobGroup\":\"DEFAULT\",\"params\":{},\"jobId\":103,\"misfirePolicy\":\"0\"}', '{\"msg\":\"操作成功\",\"code\":200}', 0, NULL, '2020-09-23 18:15:37');
INSERT INTO `sys_oper_log` VALUES (149, '定时任务', 2, 'com.ruoyi.quartz.controller.SysJobController.run()', 'PUT', 1, 'admin', NULL, '/monitor/job/run', '127.0.0.1', '内网IP', '{\"jobGroup\":\"DEFAULT\",\"params\":{},\"jobId\":103,\"misfirePolicy\":\"0\"}', '{\"msg\":\"操作成功\",\"code\":200}', 0, NULL, '2020-09-23 18:17:20');
COMMIT;

-- ----------------------------
-- Table structure for sys_post
-- ----------------------------
DROP TABLE IF EXISTS `sys_post`;
CREATE TABLE `sys_post` (
  `post_id` bigint(20) NOT NULL AUTO_INCREMENT COMMENT '岗位ID',
  `post_code` varchar(64) NOT NULL COMMENT '岗位编码',
  `post_name` varchar(50) NOT NULL COMMENT '岗位名称',
  `post_sort` int(4) NOT NULL COMMENT '显示顺序',
  `status` char(1) NOT NULL COMMENT '状态（0正常 1停用）',
  `create_by` varchar(64) DEFAULT '' COMMENT '创建者',
  `create_time` datetime DEFAULT NULL COMMENT '创建时间',
  `update_by` varchar(64) DEFAULT '' COMMENT '更新者',
  `update_time` datetime DEFAULT NULL COMMENT '更新时间',
  `remark` varchar(500) DEFAULT NULL COMMENT '备注',
  PRIMARY KEY (`post_id`)
) ENGINE=InnoDB AUTO_INCREMENT=5 DEFAULT CHARSET=utf8mb4 COMMENT='岗位信息表';

-- ----------------------------
-- Records of sys_post
-- ----------------------------
BEGIN;
INSERT INTO `sys_post` VALUES (1, 'ceo', '董事长', 1, '0', 'admin', '2018-03-16 11:33:00', 'ry', '2018-03-16 11:33:00', '');
INSERT INTO `sys_post` VALUES (2, 'se', '项目经理', 2, '0', 'admin', '2018-03-16 11:33:00', 'ry', '2018-03-16 11:33:00', '');
INSERT INTO `sys_post` VALUES (3, 'hr', '人力资源', 3, '0', 'admin', '2018-03-16 11:33:00', 'ry', '2018-03-16 11:33:00', '');
INSERT INTO `sys_post` VALUES (4, 'user', '普通员工', 4, '0', 'admin', '2018-03-16 11:33:00', 'ry', '2018-03-16 11:33:00', '');
COMMIT;

-- ----------------------------
-- Table structure for sys_role
-- ----------------------------
DROP TABLE IF EXISTS `sys_role`;
CREATE TABLE `sys_role` (
  `role_id` bigint(20) NOT NULL AUTO_INCREMENT COMMENT '角色ID',
  `role_name` varchar(30) NOT NULL COMMENT '角色名称',
  `role_key` varchar(100) NOT NULL COMMENT '角色权限字符串',
  `role_sort` int(4) NOT NULL COMMENT '显示顺序',
  `data_scope` char(1) DEFAULT '1' COMMENT '数据范围（1：全部数据权限 2：自定数据权限 3：本部门数据权限 4：本部门及以下数据权限）',
  `menu_check_strictly` tinyint(1) DEFAULT '1' COMMENT '菜单树选择项是否关联显示',
  `dept_check_strictly` tinyint(1) DEFAULT '1' COMMENT '部门树选择项是否关联显示',
  `status` char(1) NOT NULL COMMENT '角色状态（0正常 1停用）',
  `del_flag` char(1) DEFAULT '0' COMMENT '删除标志（0代表存在 2代表删除）',
  `create_by` varchar(64) DEFAULT '' COMMENT '创建者',
  `create_time` datetime DEFAULT NULL COMMENT '创建时间',
  `update_by` varchar(64) DEFAULT '' COMMENT '更新者',
  `update_time` datetime DEFAULT NULL COMMENT '更新时间',
  `remark` varchar(500) DEFAULT NULL COMMENT '备注',
  PRIMARY KEY (`role_id`)
) ENGINE=InnoDB AUTO_INCREMENT=100 DEFAULT CHARSET=utf8mb4 COMMENT='角色信息表';

-- ----------------------------
-- Records of sys_role
-- ----------------------------
BEGIN;
INSERT INTO `sys_role` VALUES (1, '超级管理员', 'admin', 1, '1', 1, 1, '0', '0', 'admin', '2018-03-16 11:33:00', 'ry', '2018-03-16 11:33:00', '超级管理员');
INSERT INTO `sys_role` VALUES (2, '普通角色', 'common', 2, '2', 1, 1, '0', '0', 'admin', '2018-03-16 11:33:00', 'ry', '2018-03-16 11:33:00', '普通角色');
COMMIT;

-- ----------------------------
-- Table structure for sys_role_dept
-- ----------------------------
DROP TABLE IF EXISTS `sys_role_dept`;
CREATE TABLE `sys_role_dept` (
  `role_id` bigint(20) NOT NULL COMMENT '角色ID',
  `dept_id` bigint(20) NOT NULL COMMENT '部门ID',
  PRIMARY KEY (`role_id`,`dept_id`)
) ENGINE=InnoDB DEFAULT CHARSET=utf8mb4 COMMENT='角色和部门关联表';

-- ----------------------------
-- Records of sys_role_dept
-- ----------------------------
BEGIN;
INSERT INTO `sys_role_dept` VALUES (2, 100);
INSERT INTO `sys_role_dept` VALUES (2, 101);
INSERT INTO `sys_role_dept` VALUES (2, 105);
COMMIT;

-- ----------------------------
-- Table structure for sys_role_menu
-- ----------------------------
DROP TABLE IF EXISTS `sys_role_menu`;
CREATE TABLE `sys_role_menu` (
  `role_id` bigint(20) NOT NULL COMMENT '角色ID',
  `menu_id` bigint(20) NOT NULL COMMENT '菜单ID',
  PRIMARY KEY (`role_id`,`menu_id`)
) ENGINE=InnoDB DEFAULT CHARSET=utf8mb4 COMMENT='角色和菜单关联表';

-- ----------------------------
-- Records of sys_role_menu
-- ----------------------------
BEGIN;
INSERT INTO `sys_role_menu` VALUES (2, 1);
INSERT INTO `sys_role_menu` VALUES (2, 2);
INSERT INTO `sys_role_menu` VALUES (2, 3);
INSERT INTO `sys_role_menu` VALUES (2, 4);
INSERT INTO `sys_role_menu` VALUES (2, 100);
INSERT INTO `sys_role_menu` VALUES (2, 101);
INSERT INTO `sys_role_menu` VALUES (2, 102);
INSERT INTO `sys_role_menu` VALUES (2, 103);
INSERT INTO `sys_role_menu` VALUES (2, 104);
INSERT INTO `sys_role_menu` VALUES (2, 105);
INSERT INTO `sys_role_menu` VALUES (2, 106);
INSERT INTO `sys_role_menu` VALUES (2, 107);
INSERT INTO `sys_role_menu` VALUES (2, 108);
INSERT INTO `sys_role_menu` VALUES (2, 109);
INSERT INTO `sys_role_menu` VALUES (2, 110);
INSERT INTO `sys_role_menu` VALUES (2, 111);
INSERT INTO `sys_role_menu` VALUES (2, 112);
INSERT INTO `sys_role_menu` VALUES (2, 113);
INSERT INTO `sys_role_menu` VALUES (2, 114);
INSERT INTO `sys_role_menu` VALUES (2, 115);
INSERT INTO `sys_role_menu` VALUES (2, 500);
INSERT INTO `sys_role_menu` VALUES (2, 501);
INSERT INTO `sys_role_menu` VALUES (2, 1000);
INSERT INTO `sys_role_menu` VALUES (2, 1001);
INSERT INTO `sys_role_menu` VALUES (2, 1002);
INSERT INTO `sys_role_menu` VALUES (2, 1003);
INSERT INTO `sys_role_menu` VALUES (2, 1004);
INSERT INTO `sys_role_menu` VALUES (2, 1005);
INSERT INTO `sys_role_menu` VALUES (2, 1006);
INSERT INTO `sys_role_menu` VALUES (2, 1007);
INSERT INTO `sys_role_menu` VALUES (2, 1008);
INSERT INTO `sys_role_menu` VALUES (2, 1009);
INSERT INTO `sys_role_menu` VALUES (2, 1010);
INSERT INTO `sys_role_menu` VALUES (2, 1011);
INSERT INTO `sys_role_menu` VALUES (2, 1012);
INSERT INTO `sys_role_menu` VALUES (2, 1013);
INSERT INTO `sys_role_menu` VALUES (2, 1014);
INSERT INTO `sys_role_menu` VALUES (2, 1015);
INSERT INTO `sys_role_menu` VALUES (2, 1016);
INSERT INTO `sys_role_menu` VALUES (2, 1017);
INSERT INTO `sys_role_menu` VALUES (2, 1018);
INSERT INTO `sys_role_menu` VALUES (2, 1019);
INSERT INTO `sys_role_menu` VALUES (2, 1020);
INSERT INTO `sys_role_menu` VALUES (2, 1021);
INSERT INTO `sys_role_menu` VALUES (2, 1022);
INSERT INTO `sys_role_menu` VALUES (2, 1023);
INSERT INTO `sys_role_menu` VALUES (2, 1024);
INSERT INTO `sys_role_menu` VALUES (2, 1025);
INSERT INTO `sys_role_menu` VALUES (2, 1026);
INSERT INTO `sys_role_menu` VALUES (2, 1027);
INSERT INTO `sys_role_menu` VALUES (2, 1028);
INSERT INTO `sys_role_menu` VALUES (2, 1029);
INSERT INTO `sys_role_menu` VALUES (2, 1030);
INSERT INTO `sys_role_menu` VALUES (2, 1031);
INSERT INTO `sys_role_menu` VALUES (2, 1032);
INSERT INTO `sys_role_menu` VALUES (2, 1033);
INSERT INTO `sys_role_menu` VALUES (2, 1034);
INSERT INTO `sys_role_menu` VALUES (2, 1035);
INSERT INTO `sys_role_menu` VALUES (2, 1036);
INSERT INTO `sys_role_menu` VALUES (2, 1037);
INSERT INTO `sys_role_menu` VALUES (2, 1038);
INSERT INTO `sys_role_menu` VALUES (2, 1039);
INSERT INTO `sys_role_menu` VALUES (2, 1040);
INSERT INTO `sys_role_menu` VALUES (2, 1041);
INSERT INTO `sys_role_menu` VALUES (2, 1042);
INSERT INTO `sys_role_menu` VALUES (2, 1043);
INSERT INTO `sys_role_menu` VALUES (2, 1044);
INSERT INTO `sys_role_menu` VALUES (2, 1045);
INSERT INTO `sys_role_menu` VALUES (2, 1046);
INSERT INTO `sys_role_menu` VALUES (2, 1047);
INSERT INTO `sys_role_menu` VALUES (2, 1048);
INSERT INTO `sys_role_menu` VALUES (2, 1049);
INSERT INTO `sys_role_menu` VALUES (2, 1050);
INSERT INTO `sys_role_menu` VALUES (2, 1051);
INSERT INTO `sys_role_menu` VALUES (2, 1052);
INSERT INTO `sys_role_menu` VALUES (2, 1053);
INSERT INTO `sys_role_menu` VALUES (2, 1054);
INSERT INTO `sys_role_menu` VALUES (2, 1055);
INSERT INTO `sys_role_menu` VALUES (2, 1056);
INSERT INTO `sys_role_menu` VALUES (2, 1057);
INSERT INTO `sys_role_menu` VALUES (2, 1058);
INSERT INTO `sys_role_menu` VALUES (2, 1059);
INSERT INTO `sys_role_menu` VALUES (2, 1060);
COMMIT;

-- ----------------------------
-- Table structure for sys_user
-- ----------------------------
DROP TABLE IF EXISTS `sys_user`;
CREATE TABLE `sys_user` (
  `user_id` bigint(20) NOT NULL AUTO_INCREMENT COMMENT '用户ID',
  `dept_id` bigint(20) DEFAULT NULL COMMENT '部门ID',
  `user_name` varchar(30) NOT NULL COMMENT '用户账号',
  `nick_name` varchar(30) NOT NULL COMMENT '用户昵称',
  `user_type` varchar(2) DEFAULT '00' COMMENT '用户类型（00系统用户）',
  `email` varchar(50) DEFAULT '' COMMENT '用户邮箱',
  `phonenumber` varchar(11) DEFAULT '' COMMENT '手机号码',
  `sex` char(1) DEFAULT '0' COMMENT '用户性别（0男 1女 2未知）',
  `avatar` varchar(100) DEFAULT '' COMMENT '头像地址',
  `password` varchar(100) DEFAULT '' COMMENT '密码',
  `status` char(1) DEFAULT '0' COMMENT '帐号状态（0正常 1停用）',
  `del_flag` char(1) DEFAULT '0' COMMENT '删除标志（0代表存在 2代表删除）',
  `login_ip` varchar(50) DEFAULT '' COMMENT '最后登录IP',
  `login_date` datetime DEFAULT NULL COMMENT '最后登录时间',
  `create_by` varchar(64) DEFAULT '' COMMENT '创建者',
  `create_time` datetime DEFAULT NULL COMMENT '创建时间',
  `update_by` varchar(64) DEFAULT '' COMMENT '更新者',
  `update_time` datetime DEFAULT NULL COMMENT '更新时间',
  `remark` varchar(500) DEFAULT NULL COMMENT '备注',
  PRIMARY KEY (`user_id`)
) ENGINE=InnoDB AUTO_INCREMENT=100 DEFAULT CHARSET=utf8mb4 COMMENT='用户信息表';

-- ----------------------------
-- Records of sys_user
-- ----------------------------
BEGIN;
INSERT INTO `sys_user` VALUES (1, 103, 'admin', '若依', '00', 'ry@163.com', '15888888888', '1', '', '$2a$10$7JB720yubVSZvUI0rEqK/.VqGOZTH.ulu33dHOiBE8ByOhJIrdAu2', '0', '0', '127.0.0.1', '2018-03-16 11:33:00', 'admin', '2018-03-16 11:33:00', 'ry', '2018-03-16 11:33:00', '管理员');
INSERT INTO `sys_user` VALUES (2, 105, 'ry', '若依', '00', 'ry@qq.com', '15666666666', '1', '', '$2a$10$7JB720yubVSZvUI0rEqK/.VqGOZTH.ulu33dHOiBE8ByOhJIrdAu2', '0', '0', '127.0.0.1', '2018-03-16 11:33:00', 'admin', '2018-03-16 11:33:00', 'ry', '2018-03-16 11:33:00', '测试员');
COMMIT;

-- ----------------------------
-- Table structure for sys_user_post
-- ----------------------------
DROP TABLE IF EXISTS `sys_user_post`;
CREATE TABLE `sys_user_post` (
  `user_id` bigint(20) NOT NULL COMMENT '用户ID',
  `post_id` bigint(20) NOT NULL COMMENT '岗位ID',
  PRIMARY KEY (`user_id`,`post_id`)
) ENGINE=InnoDB DEFAULT CHARSET=utf8mb4 COMMENT='用户与岗位关联表';

-- ----------------------------
-- Records of sys_user_post
-- ----------------------------
BEGIN;
INSERT INTO `sys_user_post` VALUES (1, 1);
INSERT INTO `sys_user_post` VALUES (2, 2);
COMMIT;

-- ----------------------------
-- Table structure for sys_user_role
-- ----------------------------
DROP TABLE IF EXISTS `sys_user_role`;
CREATE TABLE `sys_user_role` (
  `user_id` bigint(20) NOT NULL COMMENT '用户ID',
  `role_id` bigint(20) NOT NULL COMMENT '角色ID',
  PRIMARY KEY (`user_id`,`role_id`)
) ENGINE=InnoDB DEFAULT CHARSET=utf8mb4 COMMENT='用户和角色关联表';

-- ----------------------------
-- Records of sys_user_role
-- ----------------------------
BEGIN;
INSERT INTO `sys_user_role` VALUES (1, 1);
INSERT INTO `sys_user_role` VALUES (2, 2);
COMMIT;

SET FOREIGN_KEY_CHECKS = 1;
